run_accession,Abyssibacter,Acaromyces,Acerihabitans,Acetivibrio,Acetobacter,Acetobacteraceae,Achromobacter,Acidimangrovimonas,Acidiphilium,Acidipropionibacterium,Acidisoma,Acidithiobacillus,Acidocella,Acidovorax,Acinetobacter,Acrocarpospora,Actibacterium,Actimicrobium,Actinoallomurus,Actinocatenispora,Actinocorallia,Actinokineospora,Actinomadura,Actinomyces,Actinomycetospora,Actinophytocola,Actinoplanes,Actinopolyspora,Actinorhabdospora,Actinorugispora,Adhaeribacter,Advenella,Aequoribacter,Aeromicrobium,Aeromonas,Aestuariirhabdus,Afipia,Agarivorans,Aggregatimonas,Agitococcus,Agreia,Agrobacterium,Agromyces,Albibacterium,Albidovulum,Alcaligenaceae,Alcaligenes,Alcanivorax,Alexandrium,Algivirga,Algoriphagus,Alicycliphilus,Alicyclobacillus,Aliidongia,Aliigemmobacter,Aliikangiella,Aliiroseovarius,Aliiruegeria,Aliishimia,Aliivibrio,Alkalilimnicola,Alkalimarinus,Alkalimonas,Alkalisalibacterium,Alkalispirochaeta,Alkalitalea,Alkanindiges,Allgaiera,Alloacidobacterium,Alloalcanivorax,Allokutzneria,Allorhizobium,Altererythrobacter,Alterirhizorhabdus,Alternaria,Alteromonas,Amantichitinum,Aminobacter,Ammonicoccus,Amnibacterium,Amnimonas,Amycolatopsis,Amylibacter,Anaerosacchariphilus,Ancylobacter,Ancylostoma,Antarcticimicrobium,Antarctobacter,Anthurium,Antrihabitans,Aquabacterium,Aquicella,Aquiflexum,Aquimarina,Aquimixticola,Aquimonas,Aquipseudomonas,Aquirhabdus,Aquirufa,Aquisalinus,Aquitalea,Archangium,Arcticibacter,Arenimonas,Aromatoleum,Arsukibacterium,Arthrobacter,Asanoa,Ascidiaceihabitans,Aspergillus,Atopomonas,Auraticoccus,Aureibacter,Aureimonas,Aureispira,Aureitalea,Aureobasidium,Aureoumbra,Austwickia,Avibacterium,Bacillus,Bacterioplanes,Bacterioplanoides,Bacteroides,Baekduia,Bdellovibrio,Beauveria,Belliella,Bhargavaea,Bionectria,Blastomonas,Bordetella,Bosea,Botryosphaeria,Bowdeniella,Brachybacterium,Bradyrhizobiaceae,Bradyrhizobium,Bremerella,Brenneria,Brevibacillus,Brevibacterium,Brevifollis,Brevirhabdus,Brevundimonas,Brucella,Brugia,Brumicola,Burkholderia,Burkholderiales,Buttiauxella,Butyricimonas,Caballeronia,Cadophora,Caenimonas,Caenorhabditis,Caldimonas,Caldovatus,Camelimonas,Candidatus,Capnocytophaga,Capronia,Capsaspora,Carbonactinospora,Cardiobacterium,Castellaniella,Catellatospora,Catenulispora,Caulobacter,Cavenderia,Cecembia,Cedecea,Celeribacter,Cellulomonas,Cephalotrichum,Ceratocystis,Cercospora,Cereibacter,Chara,Chelatococcus,Chimaeribacter,Chitinimonas,Chitiniphilus,Chitinophaga,Chitinophagaceae,Chloracidobacterium,Choanephora,Chromera,Chromobacterium,Chroococcidiopsis,Chryseobacterium,Chryseolinea,Chryseotalea,Ciceribacter,Citreimonas,Citrobacter,Cladobotryum,Cladophialophora,Cladorrhinum,Clavibacter,Claviceps,Clonostachys,Clostridium,Cnuella,Cnuibacter,Cognatilysobacter,Cognatishimia,Cohnella,Colletotrichum,Collimonas,Comamonas,Commensalibacter,Compostimonas,Conexibacter,Congregibacter,Coniella,Coniochaeta,Conoideocrella,Corallococcus,Cordyceps,Corynebacterium,Couchioplanes,Crenobacter,Crenothrix,Cribrihabitans,Croceibacterium,Croceitalea,Crocosphaera,Cronobacter,Cryobacterium,Cryptosporangium,Cryptosporidium,Cudoniella,Cupriavidus,Curtobacterium,Curvibacter,Curvularia,Cutibacterium,Cyclobacterium,Cycloclasticus,Cyphellophora,Cypionkella,Dactylonectria,Dactylosporangium,Daeguia,Daejeonella,Decorospora,Dehalococcoides,Deinococcus,Delftia,Dendryphion,Dermacoccus,Desulfatibacillum,Desulfatitalea,Devosia,Diaphorobacter,Diaporthe,Dickeya,Dictyobacter,Dietzia,Dinoroseobacter,Diplodia,Diplogelasinospora,Dokdonia,Donghicola,Dongia,Draconibacterium,Drosophila,Duffyella,Duganella,Dulcicalothrix,Dyadobacter,Dyella,Echinicola,Echria,Ectopseudomonas,Ectorhizobium,Edaphosphingomonas,Eiseniibacteriota,Ekhidna,Embleya,Emericellopsis,Emiliania,Emticicia,Endobacter,Engelhardtia,Enhydrobacter,Enhygromyxa,Ensifer,Enteractinococcus,Enterobacter,Enterococcus,Entomobacter,Entotheonella,Eremomyces,Erwinia,Erysiphe,Escherichia,Escovopsis,Eutreptiella,Eutypa,Ewingella,Exophiala,Exserohilum,Faecalibacterium,Falsigemmobacter,Falsihalocynthiibacter,Falsirhodobacter,Falsiruegeria,Fertoeibacter,Fibrella,Fibrisoma,Fibrobacter,Filimonas,Fistulifera,Flagellimonas,Flammeovirga,Flaviaesturariibacter,Flavihumibacter,Flavilitoribacter,Flavimaricola,Flavipsychrobacter,Flavisolibacter,Flavobacterium,Flexivirga,Floricoccus,Fluctibacter,Fluviicoccus,Fontibacter,Fontimonas,Fopius,Francisella,Franconibacter,Frankia,Frigidibacter,Fulvivirga,Fusarium,Fuscibacter,Fuscovulum,Galdieria,Gemmatimonas,Gemmobacter,Geobacillus,Geodermatophilus,Geopseudomonas,Georhizobium,Geosmithia,Gibberella,Gibbsiella,Gimibacter,Ginsengibacter,Glaciecola,Glarea,Gluconacetobacter,Glutamicibacter,Gnomoniopsis,Gordonia,Gottfriedia,Granulosicoccus,Haematobacter,Halalkalibacterium,Haliea,Halioglobus,Halioxenophilus,Haliscomenobacter,Haloactinospora,Haloarcula,Halococcoides,Halodurantibacterium,Haloechinothrix,Haloferax,Haloprofundus,Halopseudomonas,Halorubrum,Halostreptopolyspora,Halovibrio,Hansschlegelia,Hapsidospora,Haptolina,Hartmannibacter,Hasllibacter,Hazenella,Helianthus,Henriciella,Herbaspirillum,Herbiconiux,Herbidospora,Herminiimonas,Heterostelium,Histidinibacterium,Hoeflea,Hortaea,Hoylesella,Hoyosella,Hyaloscypha,Hydrocarboniclastica,Hydrocarboniphaga,Hydrogenophaga,Hydrotalea,Hymenobacter,Hyphodiscus,Hyphomonas,Ideonella,Inhella,Inquilinus,Intrasporangium,Isoalcanivorax,Janibacter,Jannaschia,Janthinobacterium,Jatrophihabitans,Jejubacter,Jeongeupia,Jiulongibacter,Kaistella,Kangiella,Ketobacter,Kibdelosporangium,Kineobactrum,Kineococcus,Kineosporia,Kingella,Kitasatospora,Klebsiella,Kluyvera,Knoellia,Kocuria,Kordiimonas,Kosakonia,Kushneria,Kutzneria,Labrys,Lachnellula,Lacibacter,Lampropedia,Lasiodiplodia,Lecanosticta,Leclercia,Legionella,Leifsonia,Leisingera,Lelliottia,Lentibacillus,Lentithecium,Lentzea,Leptobacterium,Leptospira,Leucobacter,Lichenicola,Limimaricola,Limnobacter,Limnovirga,Lipingzhangella,Listeria,Litoreibacter,Loktanella,Longispora,Lonsdalea,Lunatimonas,Lupinus,Luteibacter,Luteimicrobium,Luteimonas,Luteococcus,Lutibacter,Lutimaribacter,Lysinibacillus,Lysobacter,Macrophomina,Maliponia,Mangrovihabitans,Mangrovimicrobium,Mangrovivirga,Marimonas,Marinactinospora,Marinibacterium,Marinigracilibium,Marinimicrobium,Mariniradius,Marinirhabdus,Marinobacter,Marinomonas,Marinoscillum,Marinovum,Marivirga,Marivita,Marmoricola,Martelella,Massilia,Medicago,Meinhardsimonia,Mesobacterium,Mesopusillimonas,Mesorhizobium,Metapseudomonas,Metarhizium,Methylobacterium,Methylobrevis,Methylocaldum,Methyloceanibacter,Methylocella,Methyloglobulus,Methylomarinovum,Methylophaga,Methylophilus,Methylopila,Methylosinus,Microbacterium,Microbispora,Microbulbifer,Microcystis,Micromonospora,Microscilla,Microterricola,Microthyrium,Microvenator,Microvirga,Mixta,Mobilicoccus,Modestobacter,Moelleriella,Mollisia,Moniliophthora,Monosporascus,Montanilutibacter,Moorena,Motilibacter,Mucilaginibacter,Mumia,Myceligenerans,Mycena,Mycobacterium,Mycobacteroides,Mycolicibacter,Mycolicibacterium,Myxococcus,Natrarchaeobaculum,Natrinema,Natronobacterium,Natronococcus,Natronoflexus,Natronolimnobius,Natronorubrum,Natronospira,Neisseria,Neoasaia,Neobacillus,Neobodo,Neogemmobacter,Neolewinella,Neomicrococcus,Neorhizobium,Neoroseomonas,Neotabrizicola,Neptunicoccus,Neptunitalea,Nereida,Nesterenkonia,Nguyenibacter,Niabella,Niallia,Niastella,Nibrella,Nibricoccus,Nitratireductor,Niveibacterium,Nocardia,Nocardioides,Nocardiopsis,Nonlabens,Nonomuraea,Nostocoides,Noviherbaspirillum,Noviluteimonas,Novimethylophilus,Novosphingobium,OM182,Occultella,Oceanibacterium,Oceanicoccus,Oceaniradius,Oceanithermus,Oceanobacillus,Oceanococcus,Oceanomicrobium,Ochrobactrum,Octadecabacter,Oleiagrimonas,Oleiphilus,Oleispira,Oleomonas,Ophiobolus,Ophiocordyceps,Opuntia,Orbilia,Oricola,Ornithinimicrobium,Oryzomicrobium,Ottowia,Oxalicibacterium,Pacificitalea,Paenibacillus,Paeniglutamicibacter,Paenirhodobacter,Palleronia,Paludibacter,Panacagrimonas,Pandoraea,Pannonibacter,Pantoea,Paraburkholderia,Paracidovorax,Paracoccidioides,Paracoccus,Paraconexibacter,Paracraurococcus,Paractinoplanes,Parafrankia,Paragemmobacter,Parageobacillus,Paraglaciecola,Parahaliea,Paraherbaspirillum,Paramarasmius,Parapedobacter,Paraperlucidibaca,Pararhizobium,Pararhodobacter,Pararobbsia,Pararoseomonas,Parasedimentitalea,Parasphingopyxis,Parasulfitobacter,Parelaphostrongylus,Parvicella,Parvularcula,Passalora,Patulibacter,Paucibacter,Pectobacterium,Pedobacter,Pelagerythrobacter,Pelagivirga,Pelagomonas,Pelomonas,Pendulispora,Penicillium,Peptidiphaga,Peribacillus,Perlucidibaca,Permianibacter,Persicitalea,Persicobacter,Pestalotiopsis,Phaeoacremonium,Phaeobacter,Phaeocystidibacter,Phaeodactylibacter,Phaeovulum,Phenylobacterium,Phialemonium,Phialocephala,Phlyctema,Phnomibacter,Photorhabdus,Phreatobacter,Phyllobacterium,Phyllosticta,Phytobacter,Phytohabitans,Pigmentiphaga,Pilimelia,Piscinibacter,Piscinibacterium,Planctomyces,Planobispora,Planomonospora,Planosporangium,Planotetraspora,Plantactinospora,Plastorhodobacter,Plastoroseomonas,Plesiocystis,Pluralibacter,Pochonia,Podospora,Polarella,Polaribacter,Polaromonas,Polynucleobacter,Ponticoccus,Pontimicrobium,Pontivivens,Porphyridium,Povalibacter,Prauserella,Prescottella,Priestia,Primorskyibacter,Prochlorococcus,Profundibacter,Profundibacterium,Prosthecobacter,Protofrankia,Providencia,Prymnesium,Pseudaestuariivita,Pseudahrensia,Pseudaquabacterium,Pseudarthrobacter,Pseudenterobacter,Pseudidiomarina,Pseudoalteromonas,Pseudobacillus,Pseudobacteriovorax,Pseudocercospora,Pseudochrobactrum,Pseudoclavibacter,Pseudodesulfovibrio,Pseudoduganella,Pseudofrankia,Pseudogemmobacter,Pseudoglutamicibacter,Pseudohaliea,Pseudohalioglobus,Pseudohongiella,Pseudokineococcus,Pseudolysobacter,Pseudomethylobacillus,Pseudomonas,Pseudonocardia,Pseudooceanicola,Pseudooctadecabacter,Pseudophaeobacter,Pseudopithomyces,Pseudoponticoccus,Pseudoprimorskyibacter,Pseudorhizobium,Pseudorhodobacter,Pseudorhodoferax,Pseudoroseicyclus,Pseudoruegeria,Pseudosporangium,Pseudosulfitobacter,Pseudotabrizicola,Pseudotenacibaculum,Pseudothioclava,Pseudovibrio,Pseudoxanthomonas,Psychrobacter,Psychromarinibacter,Psychromicrobium,Pueribacillus,Pullulanibacillus,Pyrenophora,Pyricularia,Quercus,Quisquiliibacterium,Rahnella,Raineyella,Ralstonia,Ramlibacter,Raoultella,Rapidithrix,Rariglobus,Rasamsonia,Rasiella,Rathayibacter,Rehaibacterium,Reichenbachiella,Reyranella,Rhabdobacter,Rhabdonatronobacter,Rheinheimera,Rhizobium,Rhizocola,Rhizoctonia,Rhizophlyctis,Rhizorhabdus,Rhizosaccharibacter,Rhodanobacter,Rhodobacter,Rhodocista,Rhodococcoides,Rhodococcus,Rhodocytophaga,Rhodoferax,Rhodohalobacter,Rhodonellum,Rhodopila,Rhodopseudomonas,Rhodosalinus,Rhodospirillum,Rhodotorula,Rhodovulum,Rhynchosporium,Rhypophila,Rivibacter,Robbsia,Rohdeia,Rosa,Roseateles,Roseburia,Roseibium,Roseicella,Roseicitreum,Roseicyclus,Roseisalinus,Roseitalea,Roseivirga,Roseivivax,Rosellinia,Rosenbergiella,Roseobacter,Roseomonas,Roseovarius,Rotaria,Rothia,Rouxiella,Rubellimicrobium,Rubrivivax,Ruegeria,Rufibacter,Rugamonas,Ruixingdingia,Ruminococcus,Runella,SAR86,SAR92,Saccharibacillus,Saccharomonospora,Saccharopolyspora,Saccharothrix,Salibaculum,Salinarimonas,Salinigranum,Saliniramus,Salinisphaera,Salinispirillum,Salinomyces,Salipiger,Salmonella,Sandaracinomonas,Sarocladium,Schaalia,Scleromatobacter,Sclerotinia,Sedimentitalea,Sediminihaliea,Seohaeicola,Serinibacter,Serinicoccus,Serratia,Sheuella,Shewanella,Shimia,Shivajiella,Siccibacter,Silvimonas,Simiduia,Simplicispira,Sinimarinibacterium,Sinisalibacter,Sinomonas,Sinorhizobium,Sinosporangium,Skermanella,Sodalis,Solimicrobium,Solimonas,Sorangium,Spectribacter,Speluncibacter,Sphaceloma,Sphaerisporangium,Sphingobacterium,Sphingobium,Sphingomicrobium,Sphingomonas,Sphingopyxis,Sphingorhabdus,Spinactinospora,Spirosoma,Splendidivirga,Spongiactinospora,Spongiibacter,Sporothrix,Stachybotrys,Stagnihabitans,Stagnimonas,Staphylococcus,Starkeya,Stemphylium,Stenotrophobium,Stenotrophomonas,Steroidobacter,Streptacidiphilus,Streptococcus,Streptomonospora,Streptomyces,Streptosporangium,Stutzerimonas,Stylonychia,Subtercola,Sulfidibacter,Sulfitobacter,Svornostia,Symbiodinium,Symbiopectobacterium,Szabonella,Tabrizicola,Tahibacter,Taibaiella,Talaromyces,Tamilnaduibacter,Tangfeifania,Tardiphaga,Tateyamaria,Tatumella,Teichococcus,Tenacibaculum,Tenebrionibacter,Tepidimonas,Terasakiispira,Terrabacter,Terricaulis,Terriglobus,Tersicoccus,Tessaracoccus,Thalassobius,Thalassococcus,Thalassolituus,Thalassorhabdomicrobium,Thalassospira,Thalassovita,Thermobifida,Thermocrispum,Thermoflexibacter,Thermogutta,Thermomonas,Thermomonospora,Thioclava,Tibeticola,Tistrella,Tomitella,Tractidigestivibacter,Tranquillimonas,Trebonia,Trematosphaeria,Treponema,Trichoderma,Trichormus,Trinickia,Triparma,Tritonibacter,Tsukamurella,Tsuneonella,Tunturiibacter,Uliginosibacterium,Umezawaea,Undibacterium,Unknown,Urechidicola,Ureibacillus,Vannielia,Variovorax,Venatoribacter,Venturia,Verruconis,Verticillium,Vibrio,Vineibacter,Viridibacillus,Vitis,Vitrella,Vogesella,Vulcaniibacterium,Vulcanimicrobium,Wenjunlia,Wenxinia,Wenzhouxiangella,Williamsia,Winogradskyella,Winslowiella,Xanthomonas,Xaviernesmea,Xenophilus,Xenopus,Xiashengella,Xylanibacillus,Xylaria,Xylella,Yersinia,Yinghuangia,Yoonia,Zafaria,Zavarzinia,Zea,Zeimonas,Zhihengliuella,Zhongshania,Zoogloea,[Actinomadura],[Brevibacterium],[Clostridium],[Mycobacterium],[Pseudomonas],[Roseibacterium],[Torrubiella],bacterium,bioreactor,blood,candidate,gamma,hydrothermal,marine,metagenome,mine,termite,uncultured,unidentified
SRR28636381,0,120,0,0,0,0,0,0,0,0,0,0,0,0,8,0,0,0,0,0,0,2,8,0,1,0,2,0,0,2,0,0,0,3,0,0,0,3,0,0,0,4,0,3,6,0,0,201,1,0,2,1,92,0,0,0,0,0,0,0,1,0,0,0,0,5,0,1,0,0,3,0,0,0,0,0,0,3,0,2,0,30,0,0,15,0,1,10,0,0,0,2,0,0,0,5,0,0,1,0,0,0,0,9,0,0,6,0,0,369,0,0,0,2,0,0,0,0,0,0,16,0,0,0,0,0,40,0,0,0,10,0,3,13,0,2,0,63,3,0,11,0,0,0,5,2,0,0,58,0,0,0,3,0,1,4,0,9,1,45,0,0,0,1,0,0,2,0,3,0,0,4,0,11,0,0,0,0,1,2,0,0,11,1,0,2,7,0,2,0,5,0,0,1,0,0,0,1,0,4,0,0,0,0,0,3,0,5,5,0,0,0,0,0,1,0,0,1,3,5,14,0,2,1,1,0,0,0,0,1,0,1,0,28,1,0,8,0,5,0,0,2,0,0,0,0,0,0,9,0,0,0,0,0,8,1,0,1,0,8,0,0,1,0,0,0,2,0,0,0,4,14,0,10,0,0,0,0,45,0,2,0,0,0,0,0,0,1,0,2,3,0,0,6,0,0,0,0,0,0,0,0,1,0,0,1,0,0,4,1,0,0,0,0,10,1,0,0,31,1,0,4,1,2,2,2,0,0,0,0,0,0,0,0,1,0,174,0,2,2,10,3,1,0,0,0,0,3,1,0,0,0,0,0,1,34,127,0,1,2,0,0,0,0,0,0,8,0,0,0,0,11,11,13,1,0,12,0,0,0,0,3,4,5,0,0,0,0,31,1,0,0,0,0,0,0,0,0,0,4,0,1,0,0,1,10,0,0,0,1,0,0,0,0,0,1,1,7,1,0,1,0,20,6,0,1,2,0,0,1,0,3,0,0,0,0,0,0,1,0,0,0,0,0,8,0,0,0,0,0,0,2,0,0,0,0,0,0,14,0,0,0,12,0,0,0,0,0,4,0,1,1,0,0,0,1,0,0,7,0,5,1,0,0,1,1,0,0,24,0,0,0,0,9,0,1,27,0,0,5,0,0,0,0,2,2,0,17,5,1,0,6,0,2,0,1,2,0,0,2,0,0,0,0,0,0,0,0,0,0,0,85,3,0,35,0,0,5,0,0,0,0,0,0,2,2,1,3,0,0,0,0,5,0,0,1,0,1,0,0,0,2,0,0,2,0,15,27,4,0,2,0,0,0,0,14,0,0,0,0,0,0,0,0,0,2,0,0,0,0,0,0,1,0,0,0,0,0,0,0,0,22,0,4,2,1,0,1,0,0,72,10,0,5,0,5,4,1,6,0,1,1,0,0,6,61,3,0,1,0,0,0,0,0,2,0,0,0,0,1,5,0,0,1,0,1,37,1,3,0,0,5,1,0,5,0,0,0,0,8,0,3,0,0,0,0,0,0,1,9,0,0,15,1,0,3,0,0,2,0,0,0,0,0,0,0,0,0,0,0,2,0,0,0,0,20,0,0,0,0,0,0,0,17,0,0,0,0,0,6,0,0,0,1,0,0,0,1,0,2,21,4,5,0,0,1,1,0,0,62,0,0,1,0,1,0,0,4,0,10,1,0,0,1,2,0,0,2,2,1,0,0,2,2,127,0,0,0,0,10,11,0,0,1,2,1,0,8,0,0,12,5,0,0,26,2,1,0,0,0,0,14,0,4,96,0,2,0,0,7,0,0,1,0,0,2,0,0,2,0,1,0,0,11,6,0,5,0,0,0,0,0,0,6,3,0,0,3,0,0,0,0,0,0,3,2,0,0,0,1,6,1,0,0,32,0,1,0,0,0,0,0,0,0,0,0,1,0,0,0,0,2,0,0,0,0,0,0,0,0,0,0,0,0,5,0,0,0,0,1,12,0,0,0,0,1,11,0,50,133,0,0,1,0,1,0,1,0,1,0,0,1,0,0,0,0,1,0,6,116,4,0,0,1,2,0,0,0,0,0,8,3,0,0,0,1,3,0,0,2,0,0,8,1,0,1,0,1,0,0,0,0,0,3,0,0,0,0,3,10,1,13,0,0,1,0,0,2,6,0,0,0,0,0,0,5,48,0,0,0,0,0,0,0,0,33,0,9,40,41,0,1,0,2,0,0,0,13,5,0,1,9,0,1,15,2,0,0,1,7,1,0,0,0,0,0,0,0,0,1,0,1,0,0,1,0,0,0,1,1,0,0,0,0,1,20,0,0,12,5,0
SRR23961995,0,201,0,0,2,0,5,0,3,0,0,0,0,1,13,0,0,0,0,0,1,0,5,0,0,0,6,0,0,1,4,0,0,8,1,0,0,0,0,0,8,6,1,0,3,0,0,506,3,0,4,0,152,0,2,0,0,0,0,1,0,0,0,0,4,1,0,1,0,2,1,0,0,0,0,1,0,0,0,0,0,32,0,0,38,0,0,7,0,0,2,0,0,0,0,0,0,0,0,0,0,8,1,10,1,0,9,0,1,1506,0,0,3,4,0,0,0,0,0,1,94,0,0,3,0,0,118,0,0,0,21,0,2,33,0,4,0,106,41,0,39,1,0,0,23,3,0,0,99,0,0,1,2,0,2,2,2,12,0,83,0,0,0,5,0,0,1,0,4,0,0,1,0,17,0,9,1,4,0,6,0,0,13,3,0,0,13,0,0,0,30,2,0,0,1,0,0,1,0,12,2,0,0,1,0,4,0,7,21,0,0,2,0,1,5,0,0,1,1,6,27,1,1,0,1,1,0,1,0,0,0,2,1,47,0,1,45,3,7,0,8,6,0,5,0,2,0,0,6,0,0,0,0,2,26,0,1,0,0,15,0,0,2,0,0,1,4,0,0,1,5,28,0,20,0,1,3,0,81,2,3,3,0,2,1,1,2,3,1,0,9,1,0,5,0,2,0,0,0,0,5,0,11,0,0,0,0,0,16,4,0,0,0,0,18,3,0,6,51,0,0,6,8,18,1,1,0,0,0,1,0,0,1,0,0,2,294,2,7,25,11,6,0,0,0,0,0,10,0,1,0,0,0,0,0,75,242,0,2,1,0,6,3,0,1,0,25,0,0,1,1,32,14,48,0,0,22,2,1,2,0,1,4,7,0,4,0,1,70,6,1,0,0,0,0,0,0,0,2,7,0,7,9,0,3,3,2,1,1,0,1,0,0,0,6,0,0,7,7,0,1,0,39,7,0,0,5,0,0,4,2,7,1,3,1,1,0,0,0,0,0,0,0,1,10,0,5,2,0,1,0,0,0,0,0,1,1,2,19,0,1,0,12,0,0,0,0,1,26,2,0,0,3,0,0,2,0,0,14,0,0,0,0,0,0,0,0,4,21,1,0,0,0,9,1,10,62,1,0,8,5,0,0,1,0,1,0,35,1,1,0,2,1,4,2,3,6,1,0,0,0,1,2,0,0,1,1,4,2,0,0,219,2,3,50,0,0,9,0,0,2,1,0,0,4,1,2,4,0,0,0,2,6,0,0,3,0,0,1,1,0,0,0,3,1,0,32,102,1,1,4,15,1,0,2,29,1,0,1,0,1,0,0,1,0,2,0,0,0,0,0,0,13,0,0,0,1,0,0,0,0,28,0,0,1,5,0,0,1,2,56,19,0,1,0,10,4,4,10,0,13,6,0,0,10,264,2,0,2,0,0,0,0,2,27,0,1,2,1,0,2,0,0,1,0,2,78,0,9,2,0,2,0,0,10,0,0,1,1,9,2,16,0,2,0,0,1,0,2,12,0,0,14,1,1,8,0,0,1,0,1,0,0,0,0,0,2,1,3,1,0,0,5,0,3,27,0,1,0,0,0,0,0,19,0,2,0,0,0,4,0,0,1,8,0,0,0,0,0,2,35,3,2,0,2,3,4,0,0,118,0,0,1,0,3,0,0,2,0,15,0,0,0,3,0,0,0,11,0,2,0,1,6,1,184,0,0,0,2,52,39,0,0,0,11,1,0,18,0,0,21,0,0,1,36,3,0,0,0,0,1,11,0,5,222,0,7,0,0,4,0,0,2,1,0,32,0,2,0,0,0,2,0,13,8,0,0,0,0,0,2,1,0,8,2,3,0,7,0,0,2,1,0,0,0,2,2,9,0,1,4,1,0,0,88,0,5,2,0,1,0,0,0,0,0,0,1,0,1,1,2,0,7,0,0,8,0,0,0,2,1,1,0,2,3,1,0,0,0,3,6,0,0,0,3,2,28,0,86,275,1,0,2,0,0,0,1,0,2,0,0,0,0,0,5,0,0,0,9,262,4,0,0,2,0,0,0,1,0,0,24,1,0,0,0,1,6,0,0,0,0,0,18,1,0,6,1,1,0,0,1,0,0,10,0,5,0,0,16,2,0,32,0,0,3,2,0,0,55,0,1,0,0,0,1,9,29,2,0,5,1,0,0,0,0,49,0,12,253,74,0,1,0,0,0,0,0,11,13,0,0,11,1,0,29,8,0,0,1,3,0,1,0,0,0,0,0,0,2,0,4,0,1,0,0,0,2,0,1,4,4,0,0,0,4,46,0,3,15,8,0
SRR28636387,0,74,0,0,0,0,0,0,8,0,0,0,0,1,14,0,1,0,0,0,0,0,4,0,1,0,2,0,0,0,0,0,0,1,54,0,0,0,0,0,0,0,0,1,3,0,0,251,3,0,8,0,49,0,1,0,0,3,0,0,0,0,0,0,2,0,0,3,0,0,3,0,0,0,0,1,0,0,0,0,0,19,0,0,8,1,0,0,1,1,3,0,0,0,1,0,0,0,1,0,0,2,0,4,0,0,7,0,2,395,0,0,2,0,0,0,1,0,0,0,16,0,0,2,0,0,24,0,0,0,9,1,0,4,0,4,0,28,28,0,7,2,0,0,8,5,1,0,50,3,2,0,1,0,0,0,0,2,0,36,2,0,0,1,0,0,2,0,3,0,0,3,0,3,0,2,0,7,0,3,0,0,8,0,0,0,3,0,0,0,13,0,0,0,0,0,0,0,0,1,0,0,0,0,0,2,2,20,10,0,0,0,2,0,0,0,0,0,0,2,20,0,0,0,0,0,0,0,0,0,0,0,0,13,2,0,17,0,1,0,2,3,0,2,0,0,0,0,4,0,0,2,0,0,7,0,0,2,0,1,0,0,0,0,0,0,3,0,0,0,4,5,0,5,0,3,0,0,22,1,2,0,0,2,0,0,0,1,0,0,24,0,0,3,0,0,0,0,0,1,0,0,4,0,0,0,0,0,6,3,0,1,0,0,18,0,0,6,13,0,0,0,2,1,0,0,0,0,0,0,0,0,0,0,2,0,107,0,1,3,4,6,0,0,0,0,0,1,0,0,0,2,0,0,0,30,129,0,0,0,0,9,3,0,0,0,0,0,0,1,0,5,4,5,0,0,2,0,0,0,0,1,2,4,0,2,0,0,29,1,1,0,0,0,0,0,0,0,2,6,0,0,2,0,0,2,1,1,2,0,0,0,0,0,0,0,1,3,0,3,1,0,4,7,0,0,2,0,0,0,0,21,0,2,2,0,0,0,4,0,0,1,0,0,4,0,2,0,0,0,2,5,0,1,0,0,3,0,7,2,0,0,3,0,2,0,0,1,5,0,0,3,1,0,0,0,0,0,13,0,2,2,0,0,0,0,0,2,18,0,1,0,0,10,0,2,8,1,0,0,1,0,0,0,0,0,0,6,0,1,0,1,0,2,0,0,5,0,0,2,0,0,0,0,0,0,0,1,0,0,0,75,2,0,20,0,0,2,0,1,0,0,0,0,1,0,0,1,1,0,0,0,8,3,0,1,0,0,0,0,0,0,0,1,0,0,10,25,0,0,0,1,0,0,0,24,3,0,0,0,0,0,0,1,0,2,3,0,0,0,0,0,2,0,0,0,0,0,0,0,0,5,0,1,0,1,0,0,0,5,7,3,0,1,1,7,0,2,5,0,4,9,0,0,2,78,0,4,1,0,0,0,1,0,4,0,0,0,0,1,9,0,0,0,1,0,51,0,1,0,0,2,0,0,1,0,0,2,0,1,0,2,0,3,1,0,0,0,1,8,0,0,0,0,2,2,0,0,1,0,0,0,2,0,0,0,0,0,0,0,0,0,0,0,0,11,0,1,0,0,0,0,0,10,0,0,0,0,0,2,0,0,0,2,0,0,0,0,0,2,19,0,0,0,1,0,2,0,0,41,4,3,0,0,8,0,0,1,1,7,0,0,4,0,1,0,0,6,0,3,1,0,3,3,114,0,0,0,0,11,7,0,6,1,1,0,0,3,0,3,4,0,0,0,18,2,0,0,0,0,0,12,0,4,88,0,1,2,0,2,0,0,0,0,1,8,0,0,0,0,1,2,0,8,8,0,0,1,0,0,1,0,0,8,5,5,0,3,0,5,0,1,0,2,0,0,0,1,1,0,2,1,0,2,29,0,3,4,0,0,1,0,0,1,0,0,0,0,0,3,2,0,0,0,49,4,0,0,0,1,0,0,1,0,0,0,0,0,0,12,1,0,0,0,1,1,13,0,50,103,1,0,0,0,0,0,0,0,0,0,0,6,1,1,2,0,0,0,1,59,0,0,0,5,1,0,0,0,0,3,13,1,0,0,0,1,1,0,0,0,0,0,3,0,0,1,0,0,0,1,0,0,0,3,0,0,0,0,18,0,0,51,1,0,0,1,0,0,4,0,0,0,0,0,0,0,22,0,0,7,0,0,1,0,0,12,0,12,83,33,0,0,0,0,1,0,3,4,1,0,0,1,0,0,15,4,0,0,1,0,1,0,0,0,0,0,1,0,0,0,0,0,0,0,0,0,7,0,1,4,1,0,0,0,0,13,0,3,1,4,0
SRR23872597,0,193,0,0,2,0,2,0,2,0,0,0,0,3,14,1,0,2,0,0,1,0,8,0,2,0,2,1,0,0,1,0,0,11,0,0,0,0,0,1,7,9,1,1,0,0,0,554,2,0,3,0,133,0,1,2,0,0,1,1,0,0,0,0,4,1,0,0,0,2,0,1,0,0,0,2,1,5,0,1,3,58,0,0,57,1,0,10,1,0,1,0,0,0,0,0,1,1,2,0,0,7,0,7,2,0,8,0,0,1369,0,0,0,6,0,0,0,1,0,2,71,0,0,6,1,0,77,0,0,0,13,2,1,22,0,7,0,123,15,2,36,0,0,0,47,11,0,0,104,4,0,0,3,2,2,1,2,7,0,68,0,0,0,8,1,1,2,0,8,0,3,1,0,20,0,7,0,0,0,7,0,0,28,4,0,2,12,0,1,0,29,0,0,0,0,0,0,3,0,5,0,0,0,0,0,3,0,8,12,1,1,0,1,8,9,0,1,3,4,3,25,1,0,0,0,0,0,0,2,7,0,0,0,47,3,0,29,1,3,0,1,1,0,3,0,4,0,0,5,0,0,0,0,0,20,0,0,5,1,6,0,0,1,0,0,0,0,0,1,0,3,25,3,22,0,5,0,0,86,0,12,1,1,4,0,5,4,7,6,0,10,1,0,6,0,2,0,1,1,0,5,0,10,0,0,0,0,0,6,1,0,0,0,0,22,0,0,7,43,0,0,1,3,8,6,1,0,27,0,2,0,0,0,2,3,0,291,0,0,15,30,3,1,4,0,0,2,8,5,0,0,0,0,1,1,47,226,0,2,0,0,3,4,0,2,0,33,0,0,7,1,36,34,42,1,0,35,0,0,4,0,4,13,7,2,6,0,1,68,6,0,1,1,0,0,0,2,0,0,13,1,24,7,0,3,9,6,6,0,1,0,0,0,0,5,0,3,8,2,0,2,0,42,13,0,2,2,0,0,2,7,15,0,2,0,1,0,0,0,4,0,0,0,0,24,0,2,4,0,3,9,2,0,0,0,0,0,0,16,2,0,2,24,0,0,0,0,4,15,4,0,1,0,0,0,0,2,0,12,0,10,1,0,0,0,0,0,2,52,1,0,0,0,15,2,5,51,4,0,9,1,1,0,5,0,4,1,41,5,0,0,9,0,3,0,0,12,0,0,7,0,0,1,0,0,0,1,2,0,0,2,265,1,1,86,2,1,13,0,0,1,0,0,1,3,1,4,11,1,1,0,3,3,2,0,0,0,2,0,1,0,0,0,2,3,0,20,103,8,0,3,7,1,0,1,29,3,0,0,0,0,0,0,0,0,5,0,0,0,0,2,0,12,1,0,0,0,0,0,0,0,46,0,1,1,0,5,0,2,4,64,22,1,1,0,30,0,0,0,0,2,0,0,0,12,208,9,0,1,0,0,0,0,2,43,0,0,1,0,2,24,1,0,5,2,3,112,0,10,1,0,3,0,0,8,0,0,0,0,12,0,9,0,1,3,2,3,0,0,12,2,0,13,0,5,10,0,0,4,0,0,0,0,0,0,1,5,1,2,1,0,0,2,0,0,28,1,5,0,0,0,0,0,15,0,0,0,0,5,12,0,0,0,6,0,0,0,0,1,4,38,1,5,0,0,0,1,0,0,154,0,0,0,0,4,0,0,4,0,25,0,0,1,3,0,0,0,5,1,2,0,1,4,8,225,1,1,0,3,56,28,0,2,0,2,0,0,25,0,0,39,0,0,0,67,1,0,0,0,0,0,1,1,3,248,0,0,0,0,4,2,0,0,2,1,35,0,0,0,0,6,12,0,22,2,0,0,0,0,0,0,0,0,5,10,2,0,5,1,0,0,0,0,0,0,0,1,2,0,8,5,0,1,0,162,0,7,0,0,0,0,23,2,0,0,3,6,0,1,0,2,0,8,0,3,0,1,0,0,0,0,4,0,1,6,0,0,0,3,8,3,0,0,2,0,1,25,0,100,278,0,0,1,0,0,2,1,0,1,0,0,7,0,3,6,0,0,0,3,249,9,0,0,5,0,2,4,1,0,0,4,1,0,0,0,0,3,0,0,1,0,0,19,0,3,0,0,1,0,0,0,2,0,10,1,1,1,0,13,6,0,11,0,1,2,0,0,0,25,0,1,0,0,0,0,8,45,0,0,3,1,0,0,0,0,63,0,35,139,74,0,0,0,1,1,0,1,14,22,2,1,17,0,0,20,16,0,1,3,8,0,2,0,0,1,0,2,0,0,0,7,0,1,0,0,2,3,2,2,33,0,0,0,0,1,57,0,1,12,20,0
SRR28636386,0,70,0,0,1,0,0,0,10,0,0,0,0,0,43,0,2,0,0,0,0,0,4,0,0,0,3,0,0,0,0,0,0,0,66,0,0,0,0,0,1,3,0,1,3,0,0,283,3,0,5,0,53,0,5,0,0,2,0,0,0,0,1,0,0,0,0,2,0,0,0,0,0,0,0,4,0,1,0,0,0,9,0,0,12,0,0,0,0,0,1,0,0,1,0,0,0,0,0,0,0,0,0,3,0,0,0,0,0,365,0,0,0,0,0,0,0,0,0,0,15,0,0,0,0,0,28,0,0,0,6,5,0,2,0,3,0,16,17,0,11,3,0,0,16,5,0,0,73,0,0,0,0,0,1,5,0,1,0,35,0,0,0,1,1,0,2,0,1,0,0,4,0,1,0,1,0,9,0,4,0,0,9,2,0,1,6,0,2,0,18,4,0,0,0,0,0,0,0,1,0,0,0,0,0,5,0,20,10,0,0,3,2,0,0,0,0,0,0,8,22,0,0,1,0,0,0,0,0,0,0,0,0,16,0,0,10,1,0,0,1,0,1,1,0,0,0,0,2,0,0,0,0,0,10,0,0,10,0,3,0,0,0,0,0,0,1,1,0,1,4,6,0,10,0,0,2,0,22,0,0,0,0,0,0,0,0,0,0,0,205,1,1,1,0,2,0,1,0,0,0,0,1,0,0,0,0,0,2,1,0,0,0,0,5,0,0,0,10,1,1,0,1,7,0,2,0,0,0,0,0,0,0,0,1,0,145,2,4,4,6,3,0,0,0,0,0,4,1,0,0,0,0,1,0,56,102,2,2,1,0,0,0,0,2,0,4,0,0,0,0,11,12,8,0,0,6,0,3,1,0,0,0,4,0,1,0,0,20,2,1,0,0,0,0,0,1,0,0,3,0,3,4,0,1,0,1,0,2,0,0,0,0,0,3,0,0,1,0,0,1,0,9,11,0,0,1,0,0,2,0,14,0,2,0,0,0,0,0,0,0,0,0,0,0,0,2,0,0,0,0,2,0,0,1,0,1,0,3,0,0,0,2,0,0,0,0,2,4,0,0,3,3,2,0,0,3,0,6,0,1,1,0,0,0,0,0,0,20,0,0,1,0,8,0,5,11,0,0,0,0,0,0,0,0,1,0,7,0,0,1,1,0,2,0,0,0,0,0,1,0,0,1,0,0,0,0,0,0,0,0,40,1,0,13,0,0,4,0,1,0,0,1,0,2,0,1,0,0,1,0,0,1,2,0,0,0,0,0,0,0,0,0,0,1,1,3,18,0,0,1,3,1,2,0,5,1,0,1,0,2,0,0,1,0,9,0,0,0,0,2,0,2,0,0,0,0,0,0,0,0,17,0,0,0,2,2,1,0,2,8,2,0,3,0,4,1,1,9,0,1,3,0,0,4,53,1,1,0,0,0,0,0,0,5,0,0,0,1,0,1,0,0,1,0,0,58,0,2,0,1,0,0,0,1,1,0,0,0,0,0,9,0,0,0,0,0,0,1,1,0,0,4,0,2,2,0,0,0,0,0,0,0,0,0,0,0,1,0,0,0,0,1,0,1,14,0,0,0,0,0,0,0,4,0,0,1,0,0,0,0,0,0,1,0,0,0,0,0,2,17,1,0,1,0,0,2,0,0,53,1,0,1,0,8,0,1,0,3,4,1,0,0,0,1,1,0,5,0,3,1,0,5,3,105,0,0,0,0,4,3,0,1,0,6,2,0,4,1,1,17,0,0,1,27,2,0,0,0,0,0,13,0,1,52,0,1,0,0,5,0,0,2,0,0,14,0,3,0,0,0,1,0,19,4,1,1,3,0,1,0,0,0,7,1,2,0,0,0,0,2,0,0,3,1,0,0,1,0,1,1,0,0,0,40,0,1,0,0,0,1,0,0,0,0,0,0,0,0,2,0,0,0,0,70,2,0,0,0,0,0,0,0,0,4,0,0,0,1,8,3,0,0,0,0,6,6,0,44,121,0,0,0,1,0,0,1,0,0,0,0,2,0,0,2,0,0,0,0,31,3,0,0,5,0,4,0,1,0,0,27,2,0,0,0,0,0,0,0,0,0,0,7,0,0,2,0,0,0,0,0,0,0,6,0,0,0,0,25,0,0,50,0,0,0,0,1,1,3,0,0,0,0,0,1,1,25,0,0,0,0,0,0,0,0,11,0,10,73,57,0,0,0,0,0,9,0,7,0,0,0,3,0,0,8,6,0,0,0,1,0,0,0,0,0,0,0,0,0,0,0,0,4,0,0,0,3,0,1,2,0,0,0,0,0,13,0,2,4,1,0
SRR28925923,0,274,0,0,0,0,3,1,0,0,0,0,0,25,347,2,1,4,0,0,0,1,7,0,1,0,6,3,0,2,1,0,0,13,2,2,0,1,0,4,7,22,0,1,3,3,1,828,1,0,8,0,86,0,9,0,1,0,0,1,4,0,0,6,1,0,17,0,0,3,3,1,0,0,0,16,0,0,0,13,8,43,0,0,34,1,0,0,2,2,47,0,0,0,1,1,3,17,0,0,1,4,0,37,1,0,123,0,0,1965,1,2,0,6,0,0,0,0,0,1,80,0,0,9,0,0,84,0,0,0,57,23,10,21,0,19,1,49,16,0,31,12,0,0,139,14,10,0,193,0,0,0,5,10,5,6,1,3,2,146,2,0,0,5,1,0,1,0,68,0,1,4,0,67,0,6,0,3,0,3,0,0,105,10,1,2,51,0,0,0,93,0,0,0,1,1,0,6,0,19,0,0,0,0,2,15,1,33,75,1,0,1,1,6,14,0,0,0,2,4,88,0,0,2,0,2,0,0,1,13,0,0,0,63,16,4,35,0,21,0,27,57,0,3,0,7,0,0,5,1,0,2,0,0,25,0,0,5,1,22,0,1,1,0,0,1,1,0,2,3,5,48,12,30,0,42,9,0,82,1,3,0,3,15,0,1,9,2,3,0,11,0,0,2,0,3,1,1,0,0,3,0,4,0,0,0,2,1,2,6,0,0,0,0,23,1,0,3,26,0,0,4,2,341,1,3,0,13,0,3,0,3,2,0,4,0,669,1,3,17,9,32,0,0,2,0,0,4,2,0,0,0,3,0,16,48,423,0,4,2,0,0,2,0,1,0,55,0,3,24,0,61,48,59,1,0,27,0,0,5,1,0,4,24,1,8,0,0,127,3,3,0,0,0,0,0,0,0,0,78,0,15,16,6,5,12,7,5,4,0,0,0,0,1,8,0,0,8,0,0,4,0,25,11,0,3,16,0,0,0,2,6,3,0,0,0,0,0,2,0,0,0,1,0,8,0,3,18,0,0,4,1,0,1,4,0,1,1,10,3,2,3,33,1,0,1,1,9,15,2,2,0,4,0,0,5,0,0,4,0,15,7,3,0,0,0,1,4,329,1,2,1,0,15,9,5,29,3,0,3,1,0,1,2,0,8,0,40,4,0,0,8,0,1,0,0,24,1,1,6,1,0,0,0,0,0,1,3,0,0,0,237,14,1,119,9,0,38,1,1,0,4,0,0,17,1,3,3,1,1,3,1,3,8,0,9,0,4,0,0,0,0,2,1,1,0,45,183,12,0,5,9,1,2,0,91,0,1,0,0,1,0,1,9,1,13,2,0,0,0,2,0,2,3,0,1,3,0,2,0,1,110,39,3,3,1,0,0,2,3,125,38,2,20,9,19,1,12,15,0,4,3,1,0,22,400,3,1,0,0,0,0,0,0,100,0,0,0,0,1,33,0,0,2,1,2,549,0,7,0,0,5,5,0,7,0,0,1,0,5,1,16,0,1,0,0,4,0,13,9,0,0,25,0,7,11,0,0,8,0,3,0,1,1,0,0,3,3,44,0,0,0,1,0,0,19,0,1,1,0,0,2,0,23,0,0,1,0,4,352,0,0,1,3,0,0,0,4,0,16,53,5,6,1,0,0,1,1,0,1045,0,3,0,0,7,0,0,1,4,58,0,3,0,2,2,0,0,3,6,11,0,2,3,15,375,1,0,0,0,20,57,1,0,0,8,0,0,15,4,2,18,0,0,0,35,2,0,0,0,0,2,24,0,3,236,0,25,0,0,5,0,0,0,1,5,30,0,2,1,0,3,37,0,39,7,0,0,0,0,0,0,1,0,33,18,7,1,9,0,1,0,4,0,1,5,0,1,2,0,7,9,6,1,0,35,0,3,0,0,0,3,0,0,0,1,0,8,0,0,0,1,7,1,0,4,3,0,0,0,0,0,9,0,3,6,0,0,0,6,0,4,0,0,0,3,1,16,0,153,745,7,0,3,1,0,0,2,0,7,2,6,4,2,3,12,0,0,4,5,534,5,9,0,6,0,0,0,0,0,5,41,2,1,0,0,0,0,0,2,0,0,0,10,1,11,0,0,1,5,0,0,1,0,12,3,3,1,0,9,14,2,73,2,0,0,3,1,0,37,0,2,0,0,0,0,0,143,0,0,0,5,1,0,0,0,46,0,147,165,161,0,2,0,1,1,2,6,13,4,0,0,28,0,0,26,12,0,0,1,0,2,0,1,0,1,2,0,1,0,0,2,0,7,1,0,1,2,1,3,51,0,0,0,0,4,41,4,0,11,47,0
SRR23872596,0,295,0,0,2,13,5,0,3,0,0,0,1,4,5,0,0,1,2,0,0,5,18,0,3,0,4,1,1,0,2,0,1,22,0,0,0,2,0,3,3,18,1,0,0,0,0,736,1,0,4,0,216,0,3,0,0,0,0,2,1,0,0,1,4,1,0,1,1,6,1,1,0,0,0,1,0,1,1,1,18,36,0,0,61,0,0,7,2,1,11,0,3,1,0,0,11,0,0,0,0,10,2,41,1,0,21,1,0,1567,0,0,1,3,1,1,0,0,0,2,78,1,0,5,0,0,106,2,0,0,9,3,7,32,0,5,0,154,9,2,57,6,1,0,36,15,0,0,143,0,1,0,0,4,6,7,0,9,0,124,0,0,1,11,0,0,3,0,17,0,0,4,0,11,1,4,0,1,0,23,1,3,30,2,1,5,24,0,1,0,21,1,0,0,0,2,0,3,0,12,1,0,0,1,1,12,2,18,19,2,0,0,0,3,9,1,0,0,2,6,36,1,0,1,0,3,0,0,0,3,0,1,0,93,6,4,39,0,5,5,4,4,0,1,0,4,0,2,5,3,1,0,0,0,31,0,0,4,0,9,0,0,0,0,0,0,11,0,0,2,5,33,6,37,0,7,2,0,146,2,5,0,0,4,0,1,3,5,5,0,7,0,0,12,0,1,0,5,0,0,3,0,9,0,0,0,0,0,8,4,0,0,0,0,34,3,1,2,58,0,0,3,5,15,0,0,0,53,1,6,0,1,4,3,3,10,501,0,1,24,55,1,3,1,2,0,0,8,2,0,0,0,0,0,2,47,437,0,7,2,0,4,5,2,0,0,38,0,0,6,0,53,51,78,0,0,38,0,2,7,0,1,6,10,0,0,1,8,100,0,0,0,0,1,1,2,20,7,0,20,1,11,7,0,2,11,4,2,0,5,0,0,0,2,6,0,5,14,9,0,1,0,78,11,0,1,16,0,0,5,2,21,0,8,0,0,0,2,3,1,0,1,0,0,12,1,3,6,0,1,20,1,0,0,0,0,0,6,9,2,0,0,34,0,0,0,0,7,41,1,0,0,2,0,0,0,1,0,19,0,11,1,0,0,0,0,0,5,117,2,1,0,0,18,3,8,75,0,0,9,6,0,0,5,0,1,0,35,4,1,0,15,0,1,2,0,6,0,1,9,2,0,3,0,1,0,0,3,0,2,3,347,3,1,109,1,0,3,0,0,2,1,0,0,4,0,4,6,0,1,0,4,8,0,0,1,0,2,0,0,0,0,0,0,1,2,42,108,7,2,4,6,1,0,0,43,5,0,1,0,0,0,0,6,1,5,0,0,0,0,4,0,6,1,0,0,0,0,3,1,0,60,1,3,2,5,136,0,0,2,75,21,1,2,8,23,2,7,4,0,4,5,0,3,7,363,3,0,1,0,0,2,0,1,48,0,0,3,0,5,13,0,0,2,3,1,101,4,18,3,0,1,0,0,17,0,1,0,1,21,0,10,0,2,1,1,2,0,0,17,0,0,43,1,11,12,0,0,1,0,0,1,2,0,0,0,1,2,17,0,0,0,1,1,2,55,0,0,0,0,0,0,0,22,0,0,0,0,8,40,0,0,0,2,0,0,0,1,0,7,62,3,2,1,0,1,2,2,1,232,2,0,0,0,3,6,0,2,0,62,2,1,0,5,0,0,0,2,0,7,0,0,8,10,305,0,0,0,10,49,56,5,1,2,6,2,1,28,0,2,62,1,0,0,59,0,0,1,0,0,4,3,0,11,287,0,12,0,0,12,0,0,0,0,0,29,0,3,0,0,3,4,0,17,8,0,0,0,1,2,0,0,0,12,12,1,1,4,0,0,1,1,0,0,0,0,0,8,0,2,8,0,1,0,129,0,14,0,0,2,0,2,0,0,0,1,1,0,2,0,3,2,11,0,1,0,1,0,2,0,0,15,0,3,7,0,1,0,3,87,19,9,0,0,2,1,19,0,130,305,1,0,1,0,0,1,4,1,4,12,1,3,1,7,8,4,1,0,5,390,5,3,0,8,1,2,2,0,0,2,5,2,0,0,1,0,2,0,2,2,1,0,29,0,1,1,0,0,2,0,0,2,0,3,0,1,0,0,12,9,2,16,2,2,3,2,0,2,36,0,0,0,0,0,0,4,27,3,2,2,2,0,0,2,0,63,1,32,186,107,0,1,0,3,3,0,5,12,42,0,0,20,0,0,52,13,0,0,3,2,0,3,0,0,0,0,2,2,2,1,9,2,6,0,0,0,4,0,1,36,2,0,0,0,3,76,0,1,20,74,0
SRR28636385,0,42,0,0,0,0,0,0,0,0,0,0,0,0,8,0,1,0,1,0,0,4,4,0,0,0,0,0,0,0,3,3,0,4,0,0,0,0,0,0,0,5,0,0,0,0,0,106,0,0,1,0,27,0,0,0,0,0,0,1,1,0,0,0,0,2,0,0,0,0,0,0,0,0,0,0,0,0,0,0,0,9,0,0,6,0,0,1,0,0,0,0,0,0,0,0,0,0,0,0,0,0,1,2,0,0,0,0,0,487,0,0,0,1,0,0,0,0,0,1,16,0,0,4,0,0,21,0,0,0,0,0,1,1,0,0,0,21,8,0,5,0,0,0,6,4,0,0,27,0,0,0,0,1,0,0,0,1,2,5,0,0,0,1,0,0,0,0,0,0,0,2,0,5,0,5,0,0,0,1,0,0,5,3,0,0,3,0,0,0,5,0,0,0,0,1,0,0,0,0,0,0,0,2,0,0,0,3,7,0,2,1,0,0,2,0,0,0,0,3,12,0,0,2,0,0,0,0,0,1,0,1,0,17,0,0,13,0,3,0,0,1,0,0,0,0,0,0,0,0,0,1,0,0,2,0,0,0,0,1,0,0,0,0,0,0,1,0,0,0,4,7,0,5,0,0,0,0,14,0,0,2,0,0,0,0,1,0,0,0,3,0,0,0,0,0,0,0,0,0,1,0,7,0,0,0,0,1,6,1,0,0,1,0,1,0,0,0,5,0,0,1,0,4,0,1,0,0,0,1,0,0,0,0,0,0,90,0,0,7,9,2,0,0,0,0,0,1,2,0,0,0,0,0,1,76,48,0,0,0,0,0,0,0,0,1,7,0,0,0,0,1,1,4,1,0,2,0,0,0,0,0,2,0,0,5,0,0,19,0,0,0,0,0,0,0,1,0,0,2,0,2,0,0,0,3,1,0,0,0,1,0,0,0,2,0,2,0,0,1,0,0,10,0,0,0,1,0,0,6,0,0,0,0,1,0,0,0,0,0,0,0,0,0,5,0,0,5,0,0,0,0,0,0,0,0,0,0,8,0,0,0,4,0,0,0,0,0,3,0,0,0,0,0,0,0,0,0,6,0,0,0,0,0,0,0,0,0,4,0,0,0,0,2,0,2,10,0,2,0,0,0,0,0,0,1,0,12,3,1,0,0,0,1,0,2,5,1,0,0,1,0,0,0,0,0,0,4,0,0,0,31,0,0,21,0,0,1,0,0,5,0,0,0,1,0,1,2,0,0,0,0,0,0,0,1,0,1,0,0,0,1,0,0,0,0,5,20,3,0,0,5,0,0,0,1,1,0,0,0,0,0,0,0,0,0,0,0,0,0,0,0,3,0,0,0,0,0,0,0,0,11,0,1,0,20,0,0,0,1,15,6,0,3,1,2,0,0,1,0,1,0,0,0,0,53,0,0,0,0,0,0,0,0,5,0,0,0,0,0,4,0,0,1,0,0,11,0,2,0,0,0,0,0,0,0,0,0,0,7,0,0,0,0,0,0,0,0,0,6,0,0,4,0,0,0,0,0,0,0,0,0,0,0,0,0,0,0,0,0,0,0,0,0,0,5,0,0,0,0,0,0,0,9,0,0,0,0,0,2,0,0,0,1,0,0,1,0,0,0,6,0,2,0,0,1,0,0,0,36,0,0,0,0,1,0,0,0,0,8,0,0,0,0,0,0,0,0,0,0,0,0,1,3,50,0,0,0,0,17,7,0,2,0,2,0,0,1,0,0,3,0,0,0,4,0,0,0,0,0,0,5,0,0,53,0,0,0,0,1,0,0,1,0,0,8,0,0,0,0,1,0,0,2,0,0,0,0,0,0,0,0,0,2,0,0,0,0,0,0,0,0,6,0,0,11,0,2,0,1,0,1,0,0,15,0,0,0,0,0,0,0,0,0,0,0,0,0,0,0,0,1,1,0,0,1,0,2,0,0,0,1,0,0,3,0,0,0,0,0,15,0,0,0,1,0,7,0,20,33,0,0,0,0,0,0,0,0,2,0,0,3,0,0,0,0,0,0,1,62,0,0,0,0,0,0,0,0,0,1,2,0,0,0,0,5,1,0,0,0,0,0,1,0,0,0,0,0,3,1,0,0,0,0,0,0,0,0,4,0,0,1,0,0,0,9,0,0,7,0,0,0,0,0,0,2,5,0,0,0,0,0,0,0,0,10,0,5,85,15,0,0,0,0,0,0,0,1,0,0,0,3,0,0,11,1,0,0,3,0,0,0,0,0,0,0,0,0,0,0,0,0,1,0,2,0,1,0,0,0,0,0,0,0,0,5,0,0,2,0,0
SRR28925922,0,204,0,0,0,0,7,0,0,0,0,0,0,5,112,0,0,0,2,0,0,0,9,0,1,0,2,4,0,2,0,0,0,5,4,0,0,0,0,3,5,14,0,1,1,0,0,515,4,0,2,0,166,0,2,0,0,0,0,0,4,0,0,1,0,0,0,0,0,0,6,0,0,0,0,18,0,2,0,4,4,25,0,0,21,0,0,2,5,0,1,0,0,0,0,0,0,1,0,0,0,0,0,39,2,0,37,0,0,2045,0,0,2,3,0,0,0,0,0,3,49,0,0,11,2,0,137,0,1,0,12,6,2,36,0,4,0,54,16,0,34,2,0,2,59,15,17,0,127,0,0,0,0,2,0,1,0,7,1,92,5,3,1,5,4,0,2,0,41,0,2,2,0,14,0,10,1,2,0,5,0,1,25,5,0,1,20,0,0,0,149,2,1,3,0,0,0,6,0,5,2,0,0,0,0,9,0,30,37,1,0,2,0,1,0,0,0,0,2,3,23,0,0,0,0,0,0,0,2,3,0,2,0,58,0,0,42,0,53,0,8,13,0,2,0,12,0,0,3,0,0,0,0,0,15,0,0,19,0,15,0,0,1,0,0,0,1,0,1,1,9,46,3,32,0,2,2,0,96,0,0,0,0,2,0,1,0,1,2,1,13,3,0,7,1,2,0,0,0,0,15,0,4,0,0,0,0,0,0,0,0,0,0,0,12,0,0,0,38,0,0,0,1,738,0,0,0,21,0,1,0,0,0,0,0,1,557,0,1,22,15,6,1,0,0,2,0,2,0,0,0,0,1,0,2,73,195,0,3,0,0,2,3,0,4,0,39,0,0,10,0,50,18,50,0,0,17,1,1,0,0,1,6,6,1,0,0,2,148,2,0,0,0,0,1,0,0,0,0,94,1,7,2,0,7,5,1,0,0,0,0,0,0,0,0,0,0,7,0,0,2,2,28,18,0,1,1,0,0,1,3,15,5,1,0,0,0,0,0,0,1,0,0,0,10,0,6,1,0,1,6,0,0,0,0,0,0,0,12,1,0,0,18,0,0,0,4,10,29,0,0,0,0,0,0,1,0,0,21,0,7,0,0,0,0,0,0,6,337,3,0,0,0,8,0,8,33,0,0,2,2,0,0,1,0,1,0,25,2,0,0,2,0,6,0,0,24,0,0,7,1,0,0,0,0,0,0,3,0,1,1,214,3,0,62,0,0,15,0,0,2,0,0,0,20,1,4,1,0,0,0,1,6,0,0,2,0,7,0,0,1,0,0,2,0,0,23,78,2,0,3,16,0,0,0,42,2,0,0,0,0,0,1,3,0,20,0,0,0,0,2,0,3,1,1,0,0,0,0,1,0,64,0,0,1,1,0,0,0,8,99,22,3,5,1,11,1,0,8,0,3,2,0,0,52,436,3,0,3,0,1,0,0,1,170,0,0,0,0,1,26,0,0,5,0,0,757,1,18,0,0,2,0,0,16,0,0,0,0,3,2,15,0,2,1,0,3,2,3,16,0,1,14,0,0,5,1,0,2,0,0,1,0,0,0,0,1,6,57,0,0,0,0,0,0,18,0,1,0,0,0,0,0,13,0,0,0,0,0,113,0,0,0,2,0,0,0,0,2,65,27,0,0,2,4,0,2,0,1,264,0,0,0,0,15,0,0,2,0,74,0,0,1,1,1,0,1,13,0,2,1,0,3,5,265,0,0,0,2,31,59,0,0,0,5,1,0,8,4,5,17,0,0,2,55,1,0,0,0,0,3,6,0,2,124,0,8,0,0,1,2,0,0,1,0,32,0,0,0,0,4,3,0,16,6,0,0,0,0,4,0,0,1,4,5,0,2,2,0,0,0,1,1,0,0,1,0,8,0,8,3,0,2,0,55,0,5,0,0,0,0,0,0,0,0,0,4,0,0,0,0,0,3,0,0,0,0,0,0,0,0,9,0,1,3,0,0,0,5,13,6,1,0,0,0,4,21,0,125,195,1,0,4,0,0,0,2,0,1,0,1,2,6,2,2,0,0,0,2,248,0,0,0,3,0,1,0,0,0,0,9,3,0,0,1,0,0,0,2,2,0,0,3,1,5,0,0,0,0,0,0,0,0,5,0,0,0,0,11,7,0,8,1,0,1,2,0,0,57,0,1,0,4,0,0,1,36,1,1,0,2,0,0,0,0,38,0,38,159,88,0,0,0,0,1,0,3,10,21,0,0,2,0,0,44,5,0,0,5,5,1,0,0,0,0,0,0,0,1,0,2,0,1,0,1,0,2,0,0,7,0,0,0,0,1,28,0,0,10,17,0
SRR23872595,0,409,1,0,0,12,4,0,2,0,0,0,2,3,16,1,1,0,0,0,0,1,24,1,4,0,8,1,1,0,0,0,0,15,0,1,1,0,0,17,7,20,0,2,0,0,0,763,1,2,6,1,222,0,0,0,0,1,0,0,0,0,1,0,2,0,0,2,1,1,4,2,6,0,1,8,0,4,0,6,36,57,0,0,66,2,0,7,0,0,9,0,3,0,0,1,15,0,0,1,0,10,0,39,3,1,23,0,0,1747,0,0,7,1,0,0,0,0,0,0,105,0,0,0,1,1,125,0,0,0,13,13,6,41,1,5,0,203,16,2,80,1,0,0,43,19,1,0,183,0,0,0,0,2,1,3,0,19,1,149,0,1,0,8,2,1,3,1,16,1,1,4,0,10,0,9,0,0,2,17,0,3,41,0,0,0,14,0,0,1,29,0,0,1,0,4,1,2,0,13,0,0,0,2,1,10,1,14,15,0,0,2,1,9,5,2,1,0,25,9,31,1,0,1,0,0,1,0,0,6,0,1,0,101,5,6,47,5,7,12,6,5,0,3,0,4,0,0,6,2,0,1,0,0,29,0,0,4,0,6,0,1,2,0,1,0,9,0,0,0,16,48,4,40,0,6,0,1,153,0,3,0,1,6,0,1,0,5,4,0,7,1,0,16,1,0,0,2,0,0,6,0,10,0,0,0,0,0,10,1,0,0,0,0,29,4,0,3,62,0,0,4,0,17,2,0,0,144,1,31,0,0,2,0,0,2,581,1,1,20,42,1,5,2,0,1,0,12,0,0,0,0,2,0,2,57,509,0,10,1,0,4,6,0,2,0,39,0,0,5,0,45,61,87,1,0,57,0,1,8,0,1,15,12,3,7,1,9,144,3,2,0,1,1,1,2,34,7,0,28,2,19,10,3,6,24,6,4,0,2,0,0,0,0,1,0,1,25,2,0,0,0,79,8,0,5,12,1,0,7,8,28,2,1,0,0,2,0,1,0,0,0,0,1,16,0,5,6,0,1,38,0,1,0,0,0,0,2,16,3,3,0,36,0,0,0,0,10,27,2,0,1,1,0,0,2,1,0,25,0,35,2,0,0,0,0,0,6,98,0,0,0,0,26,4,10,66,1,0,4,4,2,0,5,0,9,1,28,10,3,0,9,0,9,0,2,25,0,0,6,0,0,0,1,0,0,2,1,0,1,0,385,0,1,135,0,0,9,0,0,1,3,0,1,5,4,8,6,0,1,0,4,13,1,0,1,0,1,0,0,0,1,0,0,2,2,34,171,5,2,9,7,0,1,0,54,5,0,4,1,0,0,0,8,1,8,1,0,1,1,3,0,10,0,0,0,0,0,2,0,0,61,0,1,3,4,144,1,0,7,113,37,2,4,3,39,2,4,5,2,6,2,1,0,12,498,5,0,2,0,0,0,0,1,63,0,0,6,0,6,16,0,0,2,3,3,75,2,21,4,0,1,0,0,14,1,0,2,0,21,0,18,0,0,2,6,1,0,0,20,4,0,49,0,8,22,0,0,5,0,0,0,1,1,0,0,2,1,13,1,1,0,2,0,0,67,2,1,0,0,0,0,2,38,0,0,0,0,17,26,1,0,0,2,0,0,0,0,0,1,78,4,2,1,0,1,3,0,0,277,1,2,0,0,6,0,0,4,2,59,0,0,0,8,0,0,0,8,2,4,0,2,7,5,376,0,1,2,14,59,49,2,1,0,6,0,0,37,2,2,74,1,0,0,68,2,0,0,0,1,9,1,0,8,342,0,10,0,1,6,1,0,0,0,1,35,0,0,0,0,4,1,0,24,14,0,2,0,1,1,0,1,0,21,10,1,0,8,0,0,1,0,2,1,0,3,0,3,0,4,7,6,0,0,169,0,6,1,1,1,0,5,0,0,0,0,1,0,0,0,0,3,20,0,5,0,1,0,1,0,0,14,0,4,8,0,1,5,6,84,23,3,0,0,3,1,34,0,175,363,1,0,4,4,1,1,3,0,0,6,0,9,4,9,7,1,1,0,3,383,7,2,1,6,0,1,5,1,0,0,4,4,0,0,12,1,2,0,0,2,0,2,35,0,0,1,0,0,0,0,0,11,0,11,0,0,0,0,10,17,4,26,0,5,1,0,0,0,43,0,0,0,1,1,0,10,38,0,3,3,1,3,0,1,0,96,2,40,168,133,0,1,0,0,1,4,2,8,26,2,0,34,0,2,47,5,0,0,4,7,1,0,2,0,0,0,1,0,2,0,11,2,3,0,0,1,3,0,4,40,3,1,0,2,4,56,1,5,38,115,2
SRR28636384,0,20,0,0,0,0,5,0,0,0,0,0,0,1,226,0,0,0,0,0,0,2,1,0,0,0,0,0,0,0,0,0,0,0,0,0,0,0,0,0,0,4,0,1,0,0,0,206,1,0,1,0,13,0,3,0,0,0,1,0,0,0,0,0,0,6,0,0,0,2,1,0,0,0,0,3,0,0,0,3,1,9,0,0,4,0,0,0,0,1,4,0,0,0,0,0,0,0,0,0,0,0,0,4,0,0,0,0,0,549,0,0,0,1,0,0,0,0,0,4,19,0,0,3,0,0,34,0,0,0,7,0,1,1,0,1,0,29,0,0,4,1,0,0,5,9,1,0,16,0,0,0,0,0,0,0,1,1,1,19,1,0,0,3,1,0,0,0,1,0,0,2,0,4,0,3,0,0,0,2,0,0,5,0,0,1,7,0,0,0,20,0,0,0,0,0,0,0,0,1,0,0,0,0,0,1,0,5,5,0,2,0,2,0,0,0,0,0,0,7,8,0,0,0,0,0,0,0,0,1,0,0,0,11,0,0,11,0,1,0,3,1,0,1,0,0,0,0,1,1,0,0,0,0,4,0,0,0,0,0,0,0,0,0,0,0,1,0,0,0,2,11,0,7,0,2,1,1,20,0,0,0,0,0,0,1,7,1,0,0,6,0,0,0,0,0,0,0,0,0,1,0,0,0,0,0,0,0,0,0,0,0,0,0,0,0,0,0,7,0,0,0,0,2,0,1,0,0,0,3,0,0,0,0,0,0,113,1,0,5,2,8,0,0,0,0,0,1,0,0,0,0,0,0,0,38,47,0,0,0,0,0,0,0,0,0,0,0,0,1,0,2,5,4,0,0,4,0,0,0,0,0,1,2,0,0,0,0,16,1,0,0,0,0,0,0,0,0,0,8,0,2,2,0,0,8,1,2,0,1,0,0,0,0,1,0,1,0,0,0,1,1,5,1,2,0,1,0,0,0,0,16,0,2,3,0,0,0,1,0,0,0,0,1,0,0,0,3,0,1,0,0,0,0,0,0,0,1,12,1,0,0,5,0,0,0,0,0,2,0,0,0,0,0,0,0,0,0,6,0,1,1,0,0,0,0,0,0,15,0,0,0,0,3,1,1,5,0,0,0,0,0,0,0,0,0,0,12,1,0,0,0,0,0,0,0,0,0,1,1,0,0,0,0,0,0,0,3,0,0,1,13,0,0,7,0,0,1,0,0,0,0,0,1,12,0,0,0,0,0,0,0,2,1,0,0,0,1,0,0,0,1,0,0,0,0,6,19,0,0,0,4,0,1,0,10,0,0,0,0,0,0,0,0,0,2,0,0,0,0,0,0,0,0,0,0,0,0,0,0,0,15,0,2,1,0,0,0,0,0,24,3,0,7,0,5,2,0,5,0,3,0,0,0,2,109,2,0,0,0,0,0,0,0,1,0,0,0,0,0,3,0,0,2,2,0,24,0,0,0,0,4,0,0,2,0,0,0,0,2,0,2,0,0,0,0,1,0,0,2,0,0,7,0,1,2,0,0,0,0,0,0,0,0,0,0,3,0,0,0,0,0,0,0,0,14,0,0,0,1,1,0,0,6,0,0,2,0,0,2,0,0,0,1,0,1,0,0,0,1,7,3,1,0,0,0,0,0,0,43,1,2,0,0,1,0,0,1,0,3,0,0,0,0,0,0,0,0,0,14,0,0,0,1,66,0,0,0,0,6,6,0,3,0,0,0,0,3,0,0,7,0,0,0,17,0,0,0,0,1,0,3,0,2,18,0,0,0,0,2,0,0,0,0,0,1,0,0,0,0,0,0,0,6,0,0,0,0,0,0,0,0,0,3,0,1,0,2,0,0,0,0,0,0,0,11,1,1,0,0,1,0,0,0,8,0,0,0,0,0,0,0,0,0,0,0,0,0,0,0,0,0,1,0,0,2,0,0,0,0,0,3,0,0,0,0,0,0,0,2,4,0,0,0,0,2,1,0,28,127,0,0,0,0,0,0,0,0,0,0,0,2,0,0,0,0,0,1,1,51,1,0,0,0,0,1,0,0,0,0,10,0,0,0,0,2,0,0,0,0,0,0,0,0,0,0,0,0,0,0,0,0,0,0,0,2,0,0,5,6,0,8,0,0,0,8,0,0,14,3,0,0,0,0,1,0,45,0,0,1,0,0,0,0,0,12,0,4,57,66,0,0,0,0,0,0,0,0,0,0,0,0,0,1,15,1,0,0,1,1,0,0,0,0,0,0,0,0,0,0,0,0,0,0,4,0,0,1,0,1,1,0,0,0,0,7,0,1,2,3,0
SRR28956463,0,265,0,0,0,0,1,0,5,0,0,0,0,2,12,0,0,0,0,0,0,1,21,1,3,0,1,2,0,4,0,2,0,14,0,0,0,0,1,0,6,3,2,0,2,0,0,585,2,0,18,0,142,0,2,0,0,0,0,2,0,0,1,0,5,0,0,1,0,1,3,2,0,0,0,4,0,7,0,3,0,43,0,0,36,1,0,9,2,0,4,0,0,1,0,0,0,0,0,0,0,5,0,7,0,0,7,1,0,2105,0,0,0,3,0,0,0,4,0,0,87,2,0,0,0,0,158,3,0,0,7,0,2,35,0,2,0,104,54,0,57,0,0,2,11,7,1,0,93,0,0,0,2,0,4,6,1,7,0,121,1,2,0,11,1,0,5,0,4,0,0,1,0,20,0,13,0,2,0,6,0,1,14,6,0,8,20,0,0,0,51,2,0,0,1,0,0,2,0,6,3,0,0,0,0,8,1,11,17,0,0,0,1,2,8,0,0,2,4,4,29,1,0,1,0,1,0,0,0,4,1,1,0,68,1,2,103,2,10,0,7,3,0,2,1,3,0,0,8,0,0,0,0,1,32,0,1,1,0,5,0,0,0,1,1,0,2,0,0,1,8,23,4,31,0,8,4,0,115,5,2,0,0,8,0,0,0,1,1,0,5,0,0,4,0,0,0,0,0,0,6,2,11,0,0,0,0,0,11,9,0,0,0,0,31,4,0,10,51,1,0,3,14,41,0,4,0,0,0,0,0,0,2,0,5,4,435,2,2,40,36,8,1,0,0,0,0,4,4,0,0,0,0,0,0,156,296,1,6,2,0,4,4,0,0,0,28,0,1,0,0,32,17,58,0,0,28,0,1,4,0,4,5,11,0,6,0,1,70,13,0,0,4,0,1,0,0,1,1,13,2,18,0,1,4,3,0,3,3,0,0,0,0,1,18,1,3,5,2,0,5,1,45,6,0,5,8,0,0,6,6,13,0,19,0,0,0,1,2,0,1,0,0,0,14,0,8,9,0,2,2,8,0,0,2,1,1,0,18,0,0,0,15,0,0,0,0,2,21,1,0,2,16,0,0,1,0,0,25,0,2,1,0,1,0,0,0,6,28,1,1,0,0,22,0,13,78,1,0,8,1,0,0,0,1,1,0,40,3,6,0,4,0,1,0,2,8,0,0,2,4,1,2,0,0,3,0,9,0,2,6,309,0,0,48,0,0,7,0,0,0,0,0,2,7,1,2,9,0,0,0,1,5,4,0,0,0,0,0,0,0,1,0,1,1,0,31,118,3,0,3,12,0,0,0,42,2,0,0,1,0,0,0,1,0,2,0,0,0,0,2,0,16,0,0,0,0,0,0,0,2,22,0,2,13,3,5,0,0,4,91,31,1,6,3,19,2,8,12,0,1,3,2,0,13,300,8,0,1,0,0,0,2,1,37,0,0,0,0,1,10,0,1,1,2,0,148,0,8,0,0,4,0,1,14,0,0,0,0,11,0,18,1,10,0,0,0,0,0,10,0,0,32,0,5,11,0,0,4,0,0,0,0,0,1,1,3,3,4,0,0,0,0,0,0,26,0,0,0,0,0,0,0,17,0,0,0,0,6,6,0,0,1,9,0,0,0,5,0,4,40,2,1,1,1,0,2,1,0,162,1,2,0,0,7,0,3,2,4,25,0,0,0,6,3,0,1,8,1,1,0,0,4,1,237,0,1,2,1,70,47,0,1,5,25,4,0,25,1,9,44,1,0,2,44,3,0,1,0,0,2,21,0,2,260,1,3,0,0,13,1,0,0,0,0,54,0,0,0,0,6,2,2,18,6,0,0,0,0,0,0,0,0,21,7,4,1,8,0,0,1,1,0,4,0,2,2,6,0,3,6,2,1,0,89,0,7,1,0,0,3,0,0,0,0,0,3,0,2,4,0,2,5,0,1,3,0,0,0,1,0,2,0,3,1,0,0,0,0,5,18,0,4,0,4,0,23,1,119,322,1,0,1,2,1,1,2,0,3,0,0,2,2,0,5,1,0,0,1,300,3,0,0,7,2,4,0,3,0,7,38,1,1,0,0,0,1,1,0,0,0,0,20,0,1,3,0,0,0,0,4,5,1,5,1,2,0,0,40,0,2,7,0,0,1,2,2,0,58,0,0,4,0,1,0,1,37,2,1,0,1,0,0,0,1,68,0,22,435,89,1,1,0,0,3,0,2,6,32,2,0,3,0,0,39,8,0,0,5,5,0,0,0,1,1,0,1,0,0,0,3,0,5,0,0,0,3,0,7,6,2,0,0,0,9,83,0,0,17,17,0
SRR28636380,0,107,0,0,0,0,0,0,0,0,0,0,0,0,12,0,0,0,0,0,0,0,6,0,0,1,0,0,0,0,0,0,0,5,1,0,0,0,0,0,4,3,1,2,2,0,0,214,1,0,0,0,117,2,0,0,0,0,0,0,0,0,0,0,0,2,0,0,0,0,0,0,0,0,0,0,0,1,0,1,0,19,0,0,13,0,0,2,0,0,0,0,0,0,0,0,1,0,0,0,0,1,1,0,0,0,2,0,0,429,0,0,0,1,0,0,0,1,0,0,13,0,0,1,0,0,37,0,0,0,4,2,0,12,0,2,0,53,4,1,8,0,0,0,11,4,1,0,52,2,0,0,1,0,0,1,0,5,0,34,0,0,0,0,0,0,0,0,2,0,0,0,0,3,0,0,1,1,0,5,1,0,8,2,0,0,3,0,0,0,4,1,0,0,0,0,0,4,0,5,0,0,0,0,2,1,0,1,7,0,0,0,0,1,2,0,0,0,1,0,10,0,1,0,0,0,0,0,0,0,0,1,0,33,0,0,19,0,1,0,3,1,0,0,0,0,1,0,4,0,0,0,0,0,15,1,1,1,0,1,0,0,1,0,0,0,1,0,0,0,2,21,0,5,0,2,0,0,58,0,1,0,0,1,0,2,0,1,0,0,10,0,0,3,0,1,0,1,0,0,2,0,3,0,0,0,0,0,10,0,0,0,0,0,16,0,0,3,37,0,0,0,0,3,0,0,0,0,0,1,0,0,1,0,0,0,144,0,0,6,8,1,0,0,0,0,0,5,0,0,1,0,0,0,0,58,120,0,2,3,0,5,0,0,0,0,3,0,1,0,0,7,9,9,0,0,7,0,1,0,0,1,2,1,1,0,0,1,17,1,0,0,0,0,2,0,1,0,0,7,0,6,2,0,2,8,0,2,0,0,0,0,0,0,2,0,0,4,5,0,5,0,17,6,0,0,6,0,0,2,1,5,0,1,0,0,0,2,2,0,0,0,0,0,3,0,0,0,0,1,0,0,0,0,0,0,0,0,9,0,2,0,3,0,0,0,1,0,5,2,1,3,0,0,0,1,2,1,4,1,0,0,0,0,0,0,0,2,12,2,0,0,0,15,0,2,39,2,0,0,0,1,0,0,1,0,0,11,0,1,0,0,0,2,0,1,3,0,0,2,0,0,0,0,0,0,0,0,0,0,0,86,1,0,27,0,1,3,0,0,0,1,0,1,0,0,3,1,0,0,0,1,4,0,0,0,1,0,0,0,0,1,0,0,0,0,14,17,6,0,4,3,0,0,0,25,1,0,1,0,0,0,0,0,0,0,0,0,0,0,0,0,1,0,0,0,1,0,0,0,0,23,0,0,0,1,0,0,1,2,52,11,0,7,0,7,4,0,0,0,1,3,0,0,5,96,3,0,0,0,0,0,0,0,1,1,0,0,0,2,1,0,0,5,0,1,15,1,7,0,0,2,0,0,4,0,1,0,0,8,0,6,0,0,0,0,0,0,2,12,0,0,10,0,1,6,0,0,3,0,0,0,0,0,0,0,0,0,0,0,0,0,2,0,0,19,0,0,0,0,0,0,0,21,0,0,0,0,2,4,0,0,0,4,0,0,0,0,0,0,13,0,1,0,4,0,0,0,0,56,0,0,0,0,2,0,0,0,0,9,0,0,0,3,0,0,0,8,0,0,0,0,2,3,129,0,1,0,0,14,22,0,2,2,8,0,0,13,0,1,29,0,0,0,8,3,0,0,0,0,0,6,0,1,108,0,1,0,0,6,0,0,0,0,0,2,0,0,1,0,0,0,0,3,1,0,0,0,0,0,0,0,0,0,12,0,1,1,0,0,0,0,0,0,0,0,0,0,0,0,1,1,0,0,42,0,2,0,0,0,1,0,0,0,0,0,1,0,0,2,0,0,3,2,0,0,0,0,0,2,1,0,0,1,5,0,0,0,0,0,4,0,0,0,1,0,12,0,74,117,1,0,3,0,0,0,1,0,0,0,0,3,0,0,2,0,0,0,1,122,0,0,0,0,0,0,0,0,0,0,3,1,0,0,0,3,1,0,0,1,0,0,5,0,1,1,0,0,0,0,0,0,0,2,0,0,0,0,4,3,0,3,0,0,0,0,0,1,9,0,0,0,0,0,0,0,23,0,0,0,0,0,0,0,0,24,0,11,73,42,0,0,0,0,0,0,6,4,8,0,0,5,0,0,23,0,0,0,2,3,0,0,0,0,1,0,0,1,0,0,0,0,0,0,0,0,5,0,0,1,1,0,0,0,0,26,0,1,10,4,0
SRR23872594,0,234,0,0,1,40,8,0,6,0,4,1,0,2,19,1,0,0,0,0,0,0,18,0,0,0,4,11,0,1,1,0,0,15,1,4,0,1,0,4,4,21,0,0,3,0,3,614,1,0,2,1,137,0,0,0,0,0,0,0,2,0,0,1,1,0,0,0,1,5,0,0,2,0,0,0,0,4,1,1,25,34,0,0,44,0,0,1,0,1,7,0,1,0,0,0,2,0,4,0,0,7,1,12,10,1,10,0,0,1550,0,0,1,2,3,0,0,1,0,0,96,0,0,5,0,2,92,0,1,0,8,1,2,25,0,4,0,101,4,2,40,2,0,0,57,7,0,1,110,1,2,0,6,2,0,2,1,10,6,110,1,1,1,9,0,1,6,0,21,0,1,5,0,23,0,18,0,0,0,9,0,6,30,3,0,2,16,1,3,0,26,2,0,1,0,0,0,2,2,5,1,1,0,1,0,5,0,23,15,0,0,0,2,6,7,0,0,0,2,14,47,1,0,3,0,1,0,0,0,5,0,1,0,63,1,5,72,1,13,2,1,1,0,3,1,3,0,0,6,1,0,0,1,0,22,0,0,3,0,7,0,0,1,0,0,4,5,0,0,1,6,45,5,20,0,2,1,0,81,0,2,1,0,7,0,3,0,7,5,0,5,0,0,13,0,2,0,0,0,0,1,0,4,0,0,0,0,0,9,0,0,0,0,1,37,1,0,0,53,0,0,0,3,16,3,0,1,28,1,19,0,1,2,0,0,0,474,0,0,12,63,3,2,0,0,0,0,14,1,0,0,0,0,2,0,63,644,0,4,2,1,1,0,0,1,0,18,0,0,5,1,19,18,57,3,0,20,0,5,1,0,1,6,8,1,1,1,5,89,1,0,0,1,0,0,1,62,0,0,25,0,4,10,1,3,19,1,4,0,0,0,0,0,0,6,1,0,8,3,0,1,0,41,10,2,1,8,0,0,4,1,16,0,10,1,0,0,0,3,0,0,0,0,0,7,0,2,2,1,1,8,0,0,0,0,0,1,2,13,1,0,0,12,0,1,0,0,1,26,0,0,0,0,0,1,0,1,1,19,0,24,2,0,0,0,0,0,5,79,2,0,0,0,9,2,14,48,1,0,6,2,0,1,12,0,8,0,30,9,1,0,4,1,6,1,2,8,0,0,7,0,0,0,0,0,2,0,4,1,0,0,252,3,0,61,2,0,7,0,0,5,3,0,1,4,0,9,8,0,0,0,2,3,0,0,2,0,0,0,0,0,2,0,3,2,2,19,127,8,0,6,20,3,0,0,26,0,0,1,0,0,0,0,1,0,3,2,0,0,2,3,0,7,0,0,0,0,0,0,1,0,45,0,1,5,6,639,0,0,1,79,22,1,29,4,23,3,3,0,0,2,1,1,1,24,320,4,0,7,0,0,0,0,0,63,0,0,1,0,1,21,0,0,4,4,1,99,4,17,0,0,5,1,0,17,0,0,0,0,15,0,19,0,2,1,0,0,0,2,8,0,0,24,0,5,15,0,1,3,0,0,0,0,1,0,0,2,0,7,0,0,0,2,0,0,48,2,0,0,0,0,0,0,20,0,0,0,2,12,8,0,0,0,2,2,0,0,0,0,2,34,0,1,2,0,0,1,1,0,200,4,0,0,0,3,0,0,1,0,35,1,0,0,4,2,0,0,5,0,1,0,0,4,7,243,0,2,0,3,56,111,1,4,0,10,2,0,25,0,0,35,1,2,0,47,2,0,0,0,0,4,4,0,3,284,0,3,0,0,9,2,0,0,0,0,30,0,2,0,0,4,9,0,11,3,0,0,0,0,0,0,0,0,13,5,1,0,6,0,0,0,0,2,1,0,3,4,4,0,3,5,0,1,0,77,0,2,0,0,1,0,10,0,0,0,0,1,0,0,0,1,0,6,0,1,0,0,0,1,0,0,29,0,1,3,0,0,9,4,208,4,16,0,0,3,0,21,0,94,306,0,1,1,1,0,11,0,0,0,8,2,3,4,5,6,1,0,2,1,229,1,1,0,7,0,3,0,2,1,0,2,6,1,0,2,9,7,0,0,0,1,0,19,0,0,4,0,0,0,0,0,1,0,7,4,2,1,0,12,9,1,18,0,0,4,6,0,0,45,0,0,0,0,0,0,5,36,0,0,0,0,0,1,0,0,91,0,28,168,97,0,4,0,1,5,0,3,3,16,0,0,6,0,1,51,12,0,0,6,9,0,0,0,0,2,2,0,0,2,0,10,0,1,1,1,0,9,0,4,22,0,0,1,2,1,54,0,3,13,55,0
SRR28636383,0,78,0,0,0,0,1,0,0,0,0,0,0,0,10,0,0,0,0,1,0,0,5,0,0,0,0,0,0,0,3,0,0,7,0,0,0,0,0,0,1,1,0,2,0,0,0,132,5,0,0,0,77,0,0,0,0,0,0,1,1,0,0,0,0,7,0,0,0,0,1,0,0,0,0,2,0,0,0,0,0,14,1,1,12,0,0,1,0,0,0,0,0,1,0,0,0,0,0,0,0,0,1,2,1,0,2,0,0,451,0,0,1,2,0,0,0,0,0,1,22,0,0,0,0,0,43,0,0,0,1,1,1,7,1,0,0,48,7,0,5,0,0,0,6,0,0,0,45,0,0,0,0,0,0,0,0,6,1,39,1,2,0,0,0,0,0,0,0,0,0,1,0,5,0,0,0,0,0,8,0,0,6,0,0,0,6,0,0,0,2,1,0,1,0,0,1,0,0,0,0,0,2,1,0,2,1,0,5,1,0,1,0,0,0,0,0,0,3,2,7,0,1,0,0,0,0,0,0,1,0,1,0,25,0,0,12,0,3,0,1,1,0,2,0,0,0,0,4,0,0,1,0,0,7,0,0,0,0,8,0,0,0,0,1,1,1,0,0,1,6,13,0,5,2,0,0,0,34,0,1,1,0,1,0,2,1,2,1,0,1,0,0,1,0,5,0,0,0,0,0,0,1,0,0,0,0,0,2,0,0,0,0,1,11,0,0,0,15,0,0,0,2,3,0,0,0,1,0,0,0,0,0,0,0,0,117,0,0,1,8,2,0,0,0,0,0,1,0,0,0,0,0,0,3,71,64,0,3,0,0,0,0,0,0,0,4,0,0,0,0,4,2,17,3,0,5,0,4,2,0,1,2,2,0,0,0,0,28,0,0,0,0,0,0,0,0,0,0,3,1,0,0,0,0,6,0,0,0,0,0,0,0,0,0,0,3,2,2,0,0,0,16,4,0,0,2,0,0,2,3,3,0,0,0,2,0,0,1,0,0,0,0,1,0,0,1,2,0,0,1,0,0,0,0,0,0,0,13,0,0,0,4,0,0,0,0,0,4,0,0,0,0,0,0,0,0,0,13,0,1,0,0,0,0,0,0,1,9,0,0,0,0,2,0,3,22,0,0,0,2,0,0,0,0,0,0,9,1,1,0,1,0,0,0,0,0,0,0,0,0,0,0,0,0,0,0,9,0,0,0,68,0,0,18,1,0,1,0,0,0,0,0,0,1,0,1,0,0,1,0,0,3,0,0,0,0,0,0,0,0,0,0,0,0,0,8,16,0,0,2,2,0,0,0,7,0,0,1,0,0,0,0,1,0,2,0,0,0,0,0,0,5,0,0,0,0,0,0,0,0,5,0,0,0,21,0,0,0,2,25,10,0,1,0,2,3,0,0,0,0,5,0,0,4,78,1,0,1,1,0,0,0,0,11,0,0,0,0,0,1,0,0,4,0,0,22,0,3,0,0,0,1,0,0,0,3,0,0,6,0,5,0,0,1,0,0,0,0,2,0,2,13,0,0,6,0,0,1,2,0,0,0,0,0,0,5,0,0,0,0,0,0,0,0,9,0,0,0,0,0,0,0,15,0,0,0,0,0,0,0,0,0,2,0,0,0,0,0,0,16,0,1,1,1,0,0,0,0,55,0,0,0,0,1,0,0,0,2,1,0,0,0,0,0,0,0,0,0,0,0,0,2,0,81,0,4,0,0,18,14,0,0,0,6,2,0,8,0,0,19,0,0,0,7,0,0,0,1,0,0,1,0,0,82,0,0,0,0,4,0,0,0,1,0,5,0,0,0,0,1,1,0,0,2,0,0,0,0,0,0,0,0,3,1,0,0,2,0,0,0,0,3,0,1,0,0,2,0,0,2,1,1,0,17,0,0,0,0,0,0,0,0,0,0,0,0,0,0,0,0,0,2,0,0,0,0,0,0,0,0,2,0,0,0,0,0,1,0,2,32,0,0,0,0,0,1,0,40,84,0,0,2,0,0,2,0,0,0,0,0,0,1,0,0,1,0,0,2,99,3,0,0,0,0,0,0,0,0,0,4,0,0,0,0,2,8,0,0,0,0,0,2,0,0,0,0,0,0,0,0,0,0,0,0,0,0,0,8,0,3,6,0,0,0,6,0,0,10,0,0,0,0,0,0,1,6,0,0,2,2,0,0,0,0,27,0,7,54,18,0,0,0,0,0,0,3,3,10,0,0,1,0,0,19,4,0,0,4,1,0,0,0,0,0,0,0,0,0,0,4,0,0,1,0,0,0,0,2,1,3,0,0,0,0,20,0,1,6,4,0
SRR28956462,0,277,0,1,0,0,2,2,7,2,0,0,0,12,11,1,1,1,0,0,2,5,31,1,7,0,2,1,0,0,2,0,0,2,1,0,0,0,0,1,7,8,0,0,6,0,0,739,4,0,13,1,158,0,4,1,0,0,0,2,1,1,1,0,4,2,0,1,0,1,2,0,0,0,0,8,0,1,0,4,0,23,1,0,54,3,0,9,0,0,25,0,0,1,0,0,1,0,1,0,0,13,1,25,0,0,14,1,0,1710,0,1,2,1,0,0,0,1,0,1,58,0,0,0,0,0,127,3,0,0,25,1,3,29,0,8,0,109,46,0,57,5,0,0,35,6,5,0,122,1,0,0,0,1,3,3,1,3,4,116,0,2,0,1,4,1,4,2,5,0,0,2,1,20,2,14,0,5,0,6,1,1,28,4,0,1,23,1,0,1,54,3,1,0,4,0,0,4,0,15,3,0,2,3,0,8,0,9,23,0,0,1,1,5,4,0,0,1,5,10,40,1,0,0,0,0,0,0,0,7,0,2,0,50,2,2,38,1,13,0,6,11,0,5,0,3,0,0,11,0,0,0,0,0,31,0,0,2,0,6,1,0,4,0,0,0,9,0,0,1,8,44,3,24,0,4,4,0,85,1,13,1,1,6,0,0,1,3,4,0,2,0,0,7,0,0,0,2,0,1,11,0,6,0,0,0,0,0,10,5,2,0,0,1,30,9,0,5,56,1,0,8,5,41,1,2,1,10,0,0,1,0,0,1,4,5,398,1,7,16,44,8,0,0,0,1,0,12,2,0,0,0,0,1,1,85,394,0,0,3,0,5,3,0,6,0,39,1,0,5,2,42,24,68,0,1,49,0,0,3,0,2,8,12,2,1,0,0,68,19,4,0,0,0,0,1,7,0,0,17,0,11,15,5,2,6,2,2,1,0,0,0,0,1,9,0,2,17,6,0,5,0,28,0,0,0,19,0,2,3,5,9,0,10,0,1,0,0,0,0,0,1,0,0,13,0,10,4,0,0,0,2,1,0,1,1,0,0,10,5,2,0,19,0,2,1,0,2,18,0,1,2,10,0,0,6,1,1,20,0,8,0,4,0,1,0,0,6,52,5,2,0,0,21,0,7,64,1,0,5,1,1,0,1,3,3,0,41,8,0,0,3,0,7,1,0,13,1,1,1,1,0,4,0,0,0,0,6,1,0,2,251,3,1,89,2,0,5,0,0,0,0,0,0,9,0,8,8,4,2,0,3,6,5,2,1,1,2,0,0,0,0,0,5,3,1,36,105,4,1,5,11,1,0,0,49,3,0,1,0,0,3,0,2,0,2,1,2,0,0,0,1,15,0,0,2,2,1,0,1,0,48,0,2,9,5,1,0,0,2,58,23,1,5,5,12,4,4,51,1,6,7,0,0,13,304,8,1,3,0,1,2,0,0,81,0,0,1,1,4,11,0,0,2,1,0,159,4,8,0,0,5,1,0,22,0,0,3,0,7,2,32,0,5,1,1,3,0,3,9,1,1,39,0,7,13,1,0,2,0,0,0,0,0,0,0,2,3,0,1,0,0,4,0,0,38,0,0,0,2,0,0,1,14,1,0,2,3,4,3,0,0,0,0,0,1,0,1,0,15,54,7,0,2,4,0,2,2,0,172,2,3,1,0,6,0,0,2,8,17,0,1,0,3,2,0,0,17,0,3,0,2,3,4,282,0,0,0,4,40,48,5,0,3,20,4,0,21,0,6,30,5,0,2,28,1,0,0,0,0,1,43,0,8,258,0,9,1,0,11,0,2,0,0,0,45,1,3,0,2,3,17,0,37,2,0,1,0,1,5,2,3,0,43,13,6,2,5,0,2,7,5,1,2,0,2,2,5,1,6,4,2,1,0,119,0,4,1,0,0,0,0,2,0,0,2,1,1,0,9,0,1,3,0,1,9,0,0,0,0,0,2,0,1,6,0,0,0,5,11,23,2,0,1,1,0,16,0,118,523,5,0,3,1,0,0,3,0,3,0,3,9,1,1,2,0,0,0,0,270,7,0,0,6,1,3,0,2,0,2,79,4,0,1,1,0,1,0,0,2,1,0,36,0,0,9,0,1,2,0,2,2,0,5,3,0,1,3,32,1,2,33,0,0,2,1,0,0,31,0,0,0,0,0,0,3,51,0,1,4,2,3,2,0,0,56,1,30,347,119,2,0,1,0,7,0,1,10,24,2,0,13,0,1,48,9,0,0,1,10,0,0,0,0,4,0,0,0,2,0,0,0,5,0,0,0,12,0,3,21,1,0,0,0,1,80,0,3,11,25,0
SRR23872593,1,295,1,0,0,11,11,0,0,0,0,0,0,2,33,0,0,1,1,0,0,1,29,0,3,0,9,0,0,0,0,0,0,8,5,1,2,1,0,3,6,8,0,3,0,1,1,785,1,0,8,0,164,0,0,0,0,0,0,2,0,1,0,0,6,0,0,1,0,3,0,0,2,2,1,7,0,3,0,4,7,39,0,1,66,0,0,14,1,0,7,0,1,0,0,0,3,0,2,0,0,9,4,57,2,0,9,0,1,2061,0,0,1,1,1,0,0,0,0,3,97,0,2,4,0,0,159,0,0,1,10,8,6,35,0,6,2,154,14,1,71,3,2,0,52,19,0,0,164,0,3,0,4,1,3,6,2,6,1,124,0,3,0,13,0,0,3,1,17,0,1,6,0,23,1,16,0,2,0,8,0,0,46,6,0,3,23,0,3,0,43,13,0,0,0,0,0,5,0,16,0,0,0,3,0,7,0,15,15,0,1,0,1,5,9,0,0,0,11,13,30,1,0,2,0,1,0,0,0,6,0,1,0,117,1,1,77,3,13,13,7,3,0,2,1,4,0,1,2,0,0,1,0,0,26,0,0,6,0,9,0,1,2,0,0,2,6,0,0,0,11,72,7,51,0,9,1,0,158,1,1,0,1,10,0,4,2,6,5,1,4,0,0,17,0,0,1,0,0,1,9,0,17,1,0,0,0,0,11,0,0,2,0,1,38,4,1,10,69,0,0,5,7,17,0,1,0,35,0,11,0,0,1,2,2,25,498,0,0,32,78,4,3,0,0,0,0,11,1,0,0,0,0,2,2,74,369,0,5,3,0,2,6,1,5,0,33,1,0,4,0,50,42,69,0,0,47,0,2,6,0,3,4,19,1,2,0,2,151,1,0,0,1,0,0,0,7,9,0,18,0,14,19,0,3,15,3,4,0,1,0,2,2,1,7,0,16,9,10,1,0,0,62,6,0,2,13,0,0,7,4,27,1,13,0,0,0,0,1,0,0,0,0,0,11,0,3,7,0,1,8,3,3,0,0,0,0,1,33,6,1,0,35,0,0,0,0,1,27,0,0,0,1,0,0,1,0,3,30,0,21,0,0,0,0,0,0,11,62,4,0,0,1,10,0,10,89,1,0,2,3,0,0,2,0,2,0,35,6,1,0,11,0,5,0,0,17,0,0,13,0,0,2,0,0,0,0,8,0,1,1,327,3,0,104,2,0,12,0,1,0,1,0,4,0,0,9,9,0,1,0,4,12,0,0,2,0,1,0,0,0,2,0,2,2,6,36,143,4,0,9,9,2,1,1,29,1,0,3,1,0,0,0,2,0,11,0,0,0,1,9,0,11,0,0,0,0,0,0,0,0,71,1,0,3,14,75,0,0,1,147,48,3,2,4,28,7,5,0,0,2,6,0,4,20,470,11,0,1,0,0,0,0,1,77,1,0,1,0,2,12,0,0,3,4,3,158,0,12,4,0,7,1,0,14,1,0,0,0,21,1,29,0,0,0,0,0,0,1,18,0,0,47,0,12,12,0,0,4,0,0,0,2,0,0,0,2,1,12,1,0,1,0,0,1,61,0,0,0,0,0,0,2,29,0,0,0,0,13,22,0,1,0,4,0,1,0,1,1,5,43,0,1,4,0,0,1,2,0,293,8,0,1,0,7,0,0,4,0,28,0,0,0,1,0,0,0,6,0,0,0,2,5,2,324,0,2,0,3,40,57,2,0,1,10,2,0,27,5,1,70,1,0,2,53,6,0,0,0,0,9,0,0,2,307,1,4,1,0,12,0,0,0,0,0,48,0,2,0,0,2,1,1,21,9,0,0,0,2,13,1,0,0,8,11,2,3,8,0,0,2,0,4,1,0,0,1,6,0,3,2,0,1,0,151,1,6,0,0,1,1,6,2,0,0,1,3,0,0,0,2,0,3,0,0,0,1,0,0,0,0,12,0,5,9,1,0,0,3,49,20,6,0,0,4,0,30,0,131,298,1,0,4,0,3,2,0,0,2,5,0,0,1,6,6,1,0,0,7,291,9,1,0,2,0,1,0,2,0,0,3,3,0,0,0,6,3,0,2,2,0,0,22,1,0,3,0,1,1,0,0,6,0,17,1,1,0,0,19,2,2,12,0,0,1,5,0,0,55,0,0,0,0,0,0,7,25,2,4,1,5,0,0,0,0,113,0,43,262,134,0,5,0,0,6,0,3,11,32,0,0,19,0,3,72,10,0,0,5,11,0,0,0,0,0,0,0,2,3,0,11,0,2,1,0,0,7,0,6,51,1,0,0,0,3,97,0,2,29,37,0
SRR28636382,0,64,0,0,0,0,0,0,1,0,0,0,0,3,153,0,0,0,1,0,1,0,5,0,0,0,3,1,0,4,1,0,0,0,0,0,0,1,0,0,0,7,1,0,0,0,0,172,6,0,2,0,12,0,0,0,0,0,0,0,0,0,0,0,0,1,2,0,0,5,0,0,0,0,0,5,0,0,0,0,0,7,0,0,5,2,0,1,0,0,0,0,0,0,0,0,0,0,0,0,0,0,1,0,0,0,8,0,0,490,0,0,0,0,0,0,0,0,1,0,6,0,0,1,0,0,30,0,0,0,6,1,0,1,0,1,0,7,0,0,1,0,0,0,28,0,0,0,41,0,0,0,1,3,0,0,0,0,2,24,0,0,0,0,0,0,0,0,6,0,0,1,0,11,0,5,0,0,0,3,0,0,19,1,0,0,7,0,0,0,27,1,0,0,0,0,1,0,0,0,0,0,1,2,0,3,0,9,7,0,0,0,1,2,1,0,0,0,0,8,2,0,0,0,0,0,0,0,0,1,0,1,0,29,1,0,7,0,6,0,1,0,0,1,0,7,0,0,33,0,0,0,0,0,1,0,0,0,0,2,0,0,0,0,0,1,4,0,0,0,0,14,0,5,0,0,0,0,18,0,0,0,1,0,0,1,4,0,0,0,0,0,0,2,0,0,0,0,0,0,1,0,5,0,3,0,0,0,5,0,0,0,0,0,1,0,0,0,3,0,0,0,0,8,0,0,0,0,0,1,0,0,0,0,0,0,182,0,0,3,7,3,3,0,0,0,0,6,0,0,0,0,0,0,2,89,23,0,3,1,0,0,0,1,0,0,1,0,0,0,0,1,6,1,0,0,4,0,2,0,0,1,0,3,0,0,0,0,42,0,0,0,0,0,0,0,0,0,0,23,0,5,3,0,1,0,0,2,0,1,0,0,0,0,0,0,0,1,2,0,0,0,3,2,2,0,0,0,0,1,0,1,0,0,0,0,0,0,0,0,0,3,0,0,0,0,1,6,0,0,0,0,2,0,0,0,0,0,10,0,0,0,6,0,0,0,0,0,3,0,0,0,0,0,0,2,0,2,5,0,0,4,0,0,0,0,0,0,67,0,1,0,0,1,0,2,26,0,0,0,0,0,0,0,0,0,0,1,0,0,0,0,0,0,0,0,1,0,0,0,0,0,0,0,0,0,0,0,0,0,0,19,0,0,4,0,0,3,1,0,0,0,0,0,2,0,0,6,0,0,0,0,0,0,0,0,0,0,0,0,0,0,0,0,0,0,1,19,1,0,0,1,3,2,0,17,0,0,0,0,0,0,0,0,0,0,0,0,0,0,0,0,3,0,0,0,0,0,0,0,0,36,0,0,0,0,0,0,0,2,28,21,0,1,0,6,1,0,1,0,0,0,0,0,9,133,0,1,1,0,0,0,0,0,1,0,0,0,0,0,5,0,0,3,2,0,15,0,4,0,0,0,1,0,0,0,0,0,0,4,0,6,0,0,0,0,0,0,0,0,0,0,10,0,0,0,0,0,0,0,0,0,0,0,0,0,0,0,0,0,0,0,0,0,0,2,0,0,0,0,0,0,0,1,0,0,0,0,7,17,0,0,0,1,0,0,0,0,0,0,9,0,0,0,2,0,0,1,0,26,0,0,0,2,1,0,0,0,0,1,0,0,0,0,0,0,0,0,0,3,0,1,0,2,136,0,0,0,0,11,19,0,0,0,4,0,0,0,0,0,5,4,0,0,10,0,0,0,0,0,0,1,0,0,59,0,0,0,0,0,0,0,0,0,0,8,0,0,0,0,0,4,0,3,0,0,0,0,0,0,0,0,0,2,3,0,1,3,0,0,0,0,2,1,0,1,0,1,0,1,0,0,0,0,14,0,0,0,0,0,0,0,0,0,0,0,0,0,0,1,0,1,1,0,0,0,0,0,0,0,0,2,0,0,0,0,0,0,0,0,1,0,0,0,0,2,9,0,13,80,0,0,4,0,0,0,0,0,1,0,0,0,0,0,3,0,0,0,0,28,0,0,0,0,0,0,0,1,0,0,5,3,0,2,0,0,3,0,0,1,0,0,1,0,0,1,0,0,0,0,0,0,0,6,0,1,0,0,1,2,0,6,0,1,1,3,0,0,16,0,0,0,0,0,0,0,42,0,0,0,0,0,0,0,0,42,0,12,53,78,0,0,0,0,1,7,1,5,2,0,0,2,0,0,9,3,1,0,2,5,0,0,0,0,0,0,0,1,0,0,0,0,0,0,0,0,0,0,0,13,0,0,0,0,0,8,0,1,3,4,0
