run_accession,Aaosphaeria,Abyssibacter,Acanthopleuribacter,Acaromyces,Acerihabitans,Acetivibrio,Acetobacter,Acetobacteraceae,Achromobacter,Acidicaldus,Acidimangrovimonas,Acidiphilium,Acidipropionibacterium,Acidisoma,Acidithiobacillus,Acidocella,Acidovorax,Acinetobacter,Acrocarpospora,Actibacterium,Actimicrobium,Actinoallomurus,Actinocatenispora,Actinocorallia,Actinokineospora,Actinomadura,Actinomyces,Actinomycetospora,Actinophytocola,Actinoplanes,Actinopolyspora,Actinorhabdospora,Actinorugispora,Adhaeribacter,Advenella,Aequoribacter,Aeromicrobium,Aeromonas,Aestuariirhabdus,Afipia,Agarivorans,Aggregatimonas,Agitococcus,Agreia,Agrobacterium,Agromyces,Albibacterium,Albidovulum,Albugo,Alcaligenaceae,Alcaligenes,Alcanivorax,Aldersonia,Alexandrium,Algicella,Algivirga,Algoriphagus,Alicycliphilus,Alicyclobacillus,Aliidongia,Aliigemmobacter,Aliikangiella,Aliiroseovarius,Aliiruegeria,Aliisedimentitalea,Aliishimia,Aliivibrio,Alkalilimnicola,Alkalimarinus,Alkalimonas,Alkalisalibacterium,Alkalispirochaeta,Alkalitalea,Alkanindiges,Allgaiera,Alloacidobacterium,Alloalcanivorax,Allohahella,Allokutzneria,Allonocardiopsis,Allorhizobium,Alloyangia,Altererythrobacter,Alterirhizorhabdus,Alternaria,Alteromonas,Amantichitinum,Aminobacter,Ammonicoccus,Amnibacterium,Amnimonas,Amycolatopsis,Amylibacter,Anaeromicropila,Anaerosacchariphilus,Ancylobacter,Ancylostoma,Antarcticimicrobium,Antarctobacter,Anthurium,Antrihabitans,Apiospora,Aquabacterium,Aquicella,Aquicoccus,Aquiflexum,Aquimarina,Aquimixticola,Aquimonas,Aquipseudomonas,Aquirhabdus,Aquirufa,Aquisalinus,Aquitalea,Arabidopsis,Archangium,Arcticibacter,Arenicella,Arenimonas,Aromatoleum,Arsukibacterium,Arthrobacter,Arthrobotrys,Asaia,Asanoa,Ascidiaceihabitans,Aspergillus,Asprobacillus,Atlantibacter,Atopomonas,Auraticoccus,Aureibacter,Aureimonas,Aureispira,Aureitalea,Aureobasidium,Aureoumbra,Austwickia,Avibacterium,Azoarcus,Bacillus,Bacterioplanes,Bacterioplanoides,Bacteroides,Baekduia,Bailinhaonella,Bdellovibrio,Beauveria,Belliella,Bhargavaea,Bionectria,Bizionia,Blastomonas,Blumeria,Bombardia,Bombella,Bordetella,Bosea,Boseongicola,Botryosphaeria,Bowdeniella,Brachybacterium,Bradyrhizobiaceae,Bradyrhizobium,Bremerella,Brenneria,Brevibacillus,Brevibacterium,Brevifollis,Brevirhabdus,Brevundimonas,Brucella,Brugia,Brumicola,Burkholderia,Burkholderiales,Buttiauxella,Butyricimonas,Caballeronia,Cadophora,Caenimonas,Caenorhabditis,Caldimonas,Caldovatus,Camelimonas,Candidatus,Capnocytophaga,Capronia,Capsaspora,Carbonactinospora,Cardiobacterium,Castellaniella,Catellatospora,Catenulispora,Caulobacter,Cavenderia,Cecembia,Cedecea,Celeribacter,Cellulomonas,Cellvibrio,Cephalotrichum,Ceratocystis,Cercospora,Cereibacter,Chara,Chelatococcus,Chimaeribacter,Chitinimonas,Chitiniphilus,Chitinophaga,Chitinophagaceae,Chloracidobacterium,Chlorella,Choanephora,Chromera,Chromobacterium,Chroococcidiopsis,Chryseobacterium,Chryseolinea,Chryseotalea,Ciceribacter,Citreimonas,Citricoccus,Citrobacter,Cladobotryum,Cladophialophora,Cladorrhinum,Clavibacter,Claviceps,Clonostachys,Clostridium,Cnuella,Cnuibacter,Cognatilysobacter,Cognatishimia,Cognatiyoonia,Cohnella,Colletotrichum,Collimonas,Collybia,Comamonas,Commensalibacter,Compostimonas,Conexibacter,Congregibacter,Coniella,Coniochaeta,Conoideocrella,Corallibacter,Corallincola,Corallococcus,Cordyceps,Corynebacterium,Corynespora,Couchioplanes,Crenobacter,Crenothrix,Cribrihabitans,Croceibacterium,Croceimicrobium,Croceitalea,Croceivirga,Crocosphaera,Cronobacter,Crossiella,Cryobacterium,Cryomorpha,Cryphonectria,Cryptococcus,Cryptosporangium,Cryptosporidium,Cucurbitaria,Cudoniella,Cupriavidus,Curtobacterium,Curvibacter,Curvularia,Cutibacterium,Cyclobacterium,Cycloclasticus,Cylindrodendrum,Cyphellophora,Cypionkella,Dactylonectria,Dactylosporangium,Daeguia,Daejeonella,Decorospora,Dehalococcoides,Deinococcus,Delftia,Dermabacter,Dermacoccus,Desertihabitans,Desulfatibacillum,Desulfatitalea,Devosia,Diaphorobacter,Diaporthe,Dickeya,Dictyobacter,Dietzia,Dinoroseobacter,Diplodia,Diplogelasinospora,Dokdonella,Dokdonia,Domibacillus,Donghicola,Dongia,Draconibacterium,Drosophila,Duffyella,Duganella,Dulcicalothrix,Dyadobacter,Dyella,Echinicola,Echria,Ectopseudomonas,Ectorhizobium,Edaphosphingomonas,Eilatimonas,Eiseniibacteriota,Ekhidna,Elsinoe,Embleya,Emericellopsis,Emiliania,Emticicia,Endobacter,Endocarpon,Endosaccharibacter,Engelhardtia,Enhydrobacter,Enhygromyxa,Ensifer,Enteractinococcus,Enterobacter,Enterococcus,Entomobacter,Entotheonella,Eremomyces,Erwinia,Erysiphe,Escherichia,Escovopsis,Estrella,Eutreptiella,Eutypa,Ewingella,Exophiala,Exserohilum,Faecalibacterium,Falsigemmobacter,Falsihalocynthiibacter,Falsirhodobacter,Falsiruegeria,Fertoeibacter,Fibrella,Fibrisoma,Fibrobacter,Filimonas,Finegoldia,Fistulifera,Flagellimonas,Flammeovirga,Flaviaesturariibacter,Flavihumibacter,Flavilitoribacter,Flavimaricola,Flavipsychrobacter,Flavisolibacter,Flavobacterium,Flexivirga,Florenciella,Floricoccus,Fluctibacter,Fluoribacter,Fluviicoccus,Fontibacter,Fontimonas,Francisella,Franconibacter,Frankia,Frigidibacter,Fulvivirga,Fusarium,Fuscibacter,Fuscovulum,Gaetbulibacter,Galdieria,Gammaproteobacteria,Gemmatimonas,Gemmobacter,Geobacillus,Geodermatophilus,Geojedonia,Geopseudomonas,Georhizobium,Geosmithia,Gibberella,Gibbsiella,Gimibacter,Ginsengibacter,Glaciecola,Glaciimonas,Glarea,Gluconacetobacter,Gluconobacter,Glutamicibacter,Gnomoniopsis,Golovinomyces,Gordonia,Gottfriedia,Granulosicoccus,Gryllotalpicola,Gymnodinialimonas,Haematobacter,Hahella,Haliea,Halioglobus,Halioxenophilus,Haliscomenobacter,Haloactinospora,Haloarcula,Halococcoides,Halodurantibacterium,Haloechinothrix,Haloferax,Halomonas,Haloprofundus,Halopseudomonas,Halorubrum,Halospina,Halostreptopolyspora,Halovibrio,Hansschlegelia,Hapsidospora,Haptolina,Harenicola,Hartmannibacter,Hasllibacter,Hazenella,Helianthus,Hellea,Henriciella,Herbaspirillum,Herbiconiux,Herbidospora,Herbihabitans,Herminiimonas,Heterostelium,Histidinibacterium,Hoeflea,Hortaea,Hoylesella,Hoyosella,Hyaloscypha,Hydrocarboniclastica,Hydrocarboniphaga,Hydrogenophaga,Hydrotalea,Hymenobacter,Hyphodiscus,Hyphomonas,Ideonella,Inhella,Inquilinus,Intrasporangium,Isoalcanivorax,Isoptericola,Janibacter,Jannaschia,Janthinobacterium,Jatrophihabitans,Jejubacter,Jeongeupia,Jhaorihella,Jiulongibacter,Kaistella,Kangiella,Ketobacter,Kibdelosporangium,Kineobactrum,Kineococcus,Kineosporia,Kingella,Kitasatospora,Klebsiella,Kluyvera,Knoellia,Kocuria,Komagataeibacter,Kordia,Kordiimonas,Kosakonia,Krasilnikovia,Kushneria,Kutzneria,Kytococcus,Labrys,Lachnellula,Lacibacter,Lacihabitans,Lacimonas,Lacinutrix,Lampropedia,Lasiodiplodia,Lasiosphaeria,Lausannevirus,Lecanosticta,Leclercia,Legionella,Leifsonia,Leisingera,Lelliottia,Lentibacillus,Lentiprolixibacter,Lentithecium,Lentzea,Leptobacterium,Leptospira,Leucobacter,Limimaricola,Limnobacter,Limnohabitans,Limnovirga,Limosilactobacillus,Lipingzhangella,Listeria,Litoreibacter,Litorivita,Loktanella,Lolliginicoccus,Longispora,Lonsdalea,Lujinxingia,Lunatimonas,Lupinus,Luteibacter,Luteimicrobium,Luteimonas,Luteipulveratus,Luteococcus,Lutibacter,Lutimaribacter,Lutimonas,Lysinibacillus,Lysobacter,Macrophomina,Madurella,Maliponia,Mangrovihabitans,Mangrovimicrobium,Mangrovivirga,Marimonas,Marinactinospora,Marinagarivorans,Marinibacterium,Marinibaculum,Marinigracilibium,Marinimicrobium,Mariniradius,Marinirhabdus,Marinobacter,Marinomonas,Marinoscillum,Marinovum,Maritimibacter,Marivirga,Marivita,Marivivens,Marmoricola,Martelella,Massilia,Medicago,Meinhardsimonia,Mesobacterium,Mesobaculum,Mesopusillimonas,Mesorhizobium,Metapseudomonas,Metarhizium,Methylobacillus,Methylobacterium,Methylobrevis,Methylocaldum,Methyloceanibacter,Methylocella,Methylococcus,Methyloglobulus,Methylomarinovum,Methylophaga,Methylophilus,Methylopila,Methyloradius,Methylosinus,Micractinium,Microbacterium,Microbispora,Microbulbifer,Microcoleus,Microcystis,Micromonas,Micromonospora,Microscilla,Microterricola,Microthyrium,Microvenator,Microvirga,Mixta,Mobilicoccus,Modestobacter,Moelleriella,Mollisia,Moniliophthora,Monosporascus,Montanilutibacter,Moorena,Motilibacter,Mucilaginibacter,Mucor,Mucuna,Mumia,Myceligenerans,Mycena,Mycetocola,Mycobacterium,Mycobacteroides,Mycolicibacter,Mycolicibacterium,Myxococcus,Natrarchaeobaculum,Natrinema,Natronobacterium,Natronococcus,Natronoflexus,Natronolimnobius,Natronorubrum,Natronospira,Neisseria,Neoasaia,Neobacillus,Neobodo,Neogemmobacter,Neolewinella,Neomicrococcus,Neonectria,Neorhizobium,Neoroseomonas,Neotabrizicola,Neptunitalea,Nereida,Nesterenkonia,Nguyenibacter,Niabella,Niallia,Niastella,Nibrella,Nibricoccus,Nissabacter,Nitratireductor,Niveibacterium,Nocardia,Nocardioides,Nocardiopsis,Nonlabens,Nonomuraea,Nostocoides,Noviherbaspirillum,Noviluteimonas,Novimethylophilus,Novosphingobium,OM182,Occultella,Oceanibacterium,Oceanicoccus,Oceaniradius,Oceanithermus,Oceanobacillus,Oceanococcus,Oceanomicrobium,Ochrobactrum,Octadecabacter,Oleiagrimonas,Oleiphilus,Oleispira,Oleomonas,Olleya,Ophiobolus,Ophiocordyceps,Opuntia,Orbilia,Oricola,Ornithinimicrobium,Oryzomicrobium,Ostreobium,Ottowia,Oxalicibacterium,Pacificibacter,Pacificitalea,Paenacidovorax,Paenarthrobacter,Paenibacillus,Paeniglutamicibacter,Paenirhodobacter,Palleronia,Paludibacter,Paludibacterium,Panacagrimonas,Panaeolus,Pandoraea,Pannonibacter,Pantoea,Paraburkholderia,Paracidovorax,Paracoccidioides,Paracoccus,Paraconexibacter,Paracraurococcus,Paractinoplanes,Parafrankia,Paragemmobacter,Parageobacillus,Paraglaciecola,Parahaliea,Paraherbaspirillum,Paramarasmius,Parapedobacter,Paraperlucidibaca,Paraphaeosphaeria,Parapusillimonas,Pararhizobium,Pararhodobacter,Pararobbsia,Pararoseomonas,Parasedimentitalea,Parasphingopyxis,Parasulfitobacter,Parelaphostrongylus,Parendozoicomonas,Parenemella,Parvicella,Parvularcula,Passalora,Patulibacter,Paucibacter,Pectobacterium,Pedobacter,Pelagerythrobacter,Pelagimonas,Pelagivirga,Pelagomonas,Pelagovum,Pelomonas,Pendulispora,Penicillium,Peptidiphaga,Peribacillus,Perlucidibaca,Permianibacter,Persicitalea,Persicobacter,Pestalotiopsis,Phaeoacremonium,Phaeobacter,Phaeocystidibacter,Phaeodactylibacter,Phaeovulum,Phenylobacterium,Phialemonium,Phialocephala,Phlyctema,Phnomibacter,Photobacterium,Photorhabdus,Phreatobacter,Phyllobacterium,Phyllosticta,Phytobacter,Phytohabitans,Pigmentiphaga,Pilimelia,Piscinibacter,Piscinibacterium,Planctobacterium,Planctomyces,Planktotalea,Planobispora,Planomonospora,Planosporangium,Planotetraspora,Plantactinospora,Plastorhodobacter,Plastoroseomonas,Plectosphaerella,Plenodomus,Plesiocystis,Pluralibacter,Podospora,Polarella,Polaribacter,Polaromonas,Polymorphospora,Polynucleobacter,Ponticoccus,Pontivivens,Porphyridium,Portibacter,Povalibacter,Prauserella,Prescottella,Priestia,Primorskyibacter,Prochlorococcus,Profundibacter,Profundibacterium,Promicromonospora,Prosthecobacter,Protofrankia,Providencia,Prymnesium,Pseudaestuariivita,Pseudahrensia,Pseudaquabacterium,Pseudarthrobacter,Pseudescherichia,Pseudidiomarina,Pseudoalteromonas,Pseudobacillus,Pseudobacteriovorax,Pseudocercospora,Pseudochrobactrum,Pseudoclavibacter,Pseudodesulfovibrio,Pseudodonghicola,Pseudoduganella,Pseudofrankia,Pseudogemmobacter,Pseudoglutamicibacter,Pseudohaliea,Pseudohalioglobus,Pseudohongiella,Pseudokineococcus,Pseudolysobacter,Pseudomarimonas,Pseudomethylobacillus,Pseudomonas,Pseudonocardia,Pseudooceanicola,Pseudooctadecabacter,Pseudophaeobacter,Pseudopithomyces,Pseudoponticoccus,Pseudoprimorskyibacter,Pseudorhizobium,Pseudorhodobacter,Pseudorhodoferax,Pseudoroseicyclus,Pseudoruegeria,Pseudosporangium,Pseudosulfitobacter,Pseudotabrizicola,Pseudotenacibaculum,Pseudothioclava,Pseudovibrio,Pseudoxanthomonas,Psychrobacter,Psychroflexus,Psychromarinibacter,Psychromicrobium,Pueribacillus,Pullulanibacillus,Puniceibacterium,Pusillimonas,Pycnococcus,Pyrenophora,Pyricularia,Quadrisphaera,Quercus,Quisquiliibacterium,Rahnella,Raineyella,Ralstonia,Ramlibacter,Ramularia,Raoultella,Rapidithrix,Rariglobus,Rasamsonia,Rathayibacter,Rehaibacterium,Reichenbachiella,Reyranella,Rhabdobacter,Rhabdonatronobacter,Rheinheimera,Rhizobium,Rhizocola,Rhizoctonia,Rhizophlyctis,Rhizorhabdus,Rhizosaccharibacter,Rhodalgimonas,Rhodanobacter,Rhodobacter,Rhodocista,Rhodococcoides,Rhodococcus,Rhodocytophaga,Rhodoferax,Rhodohalobacter,Rhodonellum,Rhodophyticola,Rhodopila,Rhodopseudomonas,Rhodosalinus,Rhodospirillum,Rhodotorula,Rhodovulum,Rhynchosporium,Rhypophila,Rivibacter,Robbsia,Robertkochia,Rohdeia,Rosa,Roseateles,Roseburia,Roseibaca,Roseibium,Roseicella,Roseicitreum,Roseicyclus,Roseinatronobacter,Roseisalinus,Roseitalea,Roseivirga,Roseivivax,Rosellinia,Rosenbergiella,Roseobacter,Roseomonas,Roseovarius,Rotaria,Rothia,Rouxiella,Rubellimicrobium,Rubrivivax,Ruegeria,Rufibacter,Rugamonas,Ruixingdingia,Ruminococcus,Runella,SAR324,SAR86,SAR92,Saccharibacillus,Saccharomonospora,Saccharopolyspora,Saccharothrix,Sagittula,Salibaculum,Salinarimonas,Salinigranum,Salinihabitans,Saliniramus,Salinisphaera,Salinispira,Salinispirillum,Salinomyces,Salipiger,Salmonella,Sandaracinomonas,Sarocladium,Schaalia,Schizothecium,Schleiferia,Schumannella,Scleromatobacter,Sclerotinia,Sedimentimonas,Sediminihaliea,Sediminitomix,Seiridium,Seminavis,Seohaeicola,Serinibacter,Serinicoccus,Serratia,Sheuella,Shewanella,Shimia,Shimwellia,Shivajiella,Siccibacter,Silicimonas,Silvimonas,Simiduia,Simplicispira,Sinimarinibacterium,Sinisalibacter,Sinomonas,Sinorhizobium,Sinosporangium,Skermanella,Skermania,Snodgrassella,Sodalis,Solimicrobium,Solimonas,Sorangium,Spectribacter,Speluncibacter,Sphaceloma,Sphaerisporangium,Sphingobacterium,Sphingobium,Sphingomicrobium,Sphingomonas,Sphingopyxis,Sphingorhabdus,Spinactinospora,Spirosoma,Splendidivirga,Spongiactinospora,Spongiibacter,Spongiivirga,Spongisporangium,Sporothrix,Stachybotrys,Stagnihabitans,Stagnimonas,Staphylococcus,Staphylotrichum,Starkeya,Stemphylium,Stenotrophobium,Stenotrophomonas,Steroidobacter,Streptacidiphilus,Streptococcus,Streptomonospora,Streptomyces,Streptosporangium,Stutzerimonas,Stylonychia,Subtercola,Sulfidibacter,Sulfitobacter,Sungkyunkwania,Svornostia,Symbiodinium,Symbiopectobacterium,Szabonella,Tabrizicola,Tahibacter,Taibaiella,Talaromyces,Tamilnaduibacter,Tangfeifania,Tardiphaga,Tateyamaria,Tatumella,Teichococcus,Tenacibaculum,Tenebrionibacter,Tepidimonas,Terasakiispira,Terrabacter,Terricaulis,Terriglobus,Tersicoccus,Tessaracoccus,Thalassobacter,Thalassobius,Thalassococcus,Thalassolituus,Thalassorhabdomicrobium,Thalassospira,Thalassotalea,Thalassovita,Thanatephorus,Thecamonas,Thermobifida,Thermocatellispora,Thermocrispum,Thermoflexibacter,Thermogutta,Thermomonas,Thermomonospora,Thermonema,Thetidibacter,Thioclava,Thiothrix,Tibeticola,Tilletia,Tistrella,Tolypocladium,Tomitella,Tractidigestivibacter,Trametes,Tranquillimonas,Trebonia,Trematosphaeria,Treponema,Trichoderma,Trichophyton,Trichormus,Trinickia,Triparma,Tritonibacter,Tropicibacter,Tsukamurella,Tsuneonella,Tuber,Tunturiibacter,Turneriella,Uliginosibacterium,Umezawaea,Undibacterium,Unknown,Urechidicola,Ureibacillus,Vannielia,Variovorax,Venatoribacter,Venturia,Verruconis,Verticillium,Vibrio,Vineibacter,Viridibacillus,Vitis,Vitrella,Vogesella,Vulcaniibacterium,Vulcanimicrobium,Wenjunlia,Wenxinia,Wenzhouxiangella,Wickerhamiella,Wickerhamomyces,Williamsia,Winogradskya,Winogradskyella,Winslowiella,Woeseia,Xanthomonas,Xaviernesmea,Xenophilus,Xenopus,Xiashengella,Xylanibacillus,Xylaria,Xylella,Yersinia,Yinghuangia,Yoonia,Zafaria,Zavarzinia,Zea,Zeimonas,Zemynaea,Zhihengliuella,Zhongshania,Zoogloea,Zooshikella,[Actinomadura],[Brevibacterium],[Clostridium],[Mycobacterium],[Pseudomonas],[Roseibacterium],[Torrubiella],bacterium,bioreactor,blood,candidate,gamma,hydrothermal,marine,metagenome,mine,termite,uncultured,unidentified
SRR28636381,0,0,0,734,0,0,0,0,6,1,0,1,1,0,0,0,0,35,3,0,0,1,0,7,13,66,1,4,5,11,0,0,4,1,0,2,24,0,0,0,4,0,0,16,38,3,6,24,1,0,0,1215,0,7,0,0,4,3,447,2,1,0,0,0,0,0,4,2,1,3,2,6,8,0,2,0,1,0,9,0,2,0,0,0,0,2,0,6,2,7,3,120,0,0,0,91,0,2,31,3,1,1,0,2,0,0,0,1,10,1,0,3,0,0,2,7,4,0,31,0,1,25,0,0,0,0,3561,0,0,1,1,4,5,0,0,0,3,2,0,0,438,0,0,3,1,0,0,226,0,0,2,1,55,0,0,0,3,9,0,114,2,14,0,402,40,0,105,13,0,0,38,14,2,0,304,0,2,0,15,0,1,4,1,22,2,291,3,3,0,26,2,0,6,0,21,0,0,8,1,74,0,4,53,0,0,1,17,0,1,67,8,0,9,0,46,0,2,0,30,8,0,2,2,0,0,3,18,0,24,2,0,0,4,0,25,0,0,24,83,0,0,7,4,0,3,14,2,2,2,0,0,10,21,86,1,1,2,3,5,0,0,1,0,0,0,0,17,0,0,0,0,12,0,1,174,13,0,120,0,21,1,0,28,9,0,14,1,2,0,3,21,0,0,8,0,0,2,61,2,0,2,0,34,1,2,16,0,0,0,0,1,13,0,0,1,34,100,4,57,0,5,0,0,0,292,1,0,12,5,14,7,0,0,0,0,7,9,16,4,10,3,0,23,3,3,2,4,1,0,0,18,0,49,1,0,2,0,0,26,6,0,5,0,0,0,79,6,0,6,194,1,0,7,10,25,9,0,5,0,0,2,0,11,1,4,1,3,1,1075,0,4,0,102,0,57,14,1,7,0,0,0,3,31,1,0,1,0,0,2,0,0,2,151,1,775,0,18,0,0,5,0,11,13,0,0,0,71,0,0,14,0,0,87,67,179,0,3,0,103,0,0,0,4,0,21,17,0,14,5,9,0,3,0,151,18,0,0,3,0,3,0,0,0,0,47,0,25,13,0,5,46,2,0,8,7,1,1,0,0,0,0,9,1,5,40,6,0,7,0,137,27,0,1,18,0,0,0,0,0,11,13,0,31,8,3,0,0,2,3,2,0,0,0,0,7,0,0,0,1,0,3,23,0,2,17,2,4,0,3,0,2,0,0,0,1,0,3,10,0,71,12,3,0,53,0,0,0,0,0,0,2,80,0,0,1,4,2,0,0,0,3,1,0,0,87,0,11,5,2,0,0,1,3,0,0,19,66,9,0,0,0,0,31,1,22,0,127,3,0,12,9,0,2,0,2,4,10,0,2,0,124,29,5,0,2,0,17,0,8,2,4,14,1,4,10,4,3,0,0,0,0,3,11,0,0,2,1,1,0,851,9,0,234,1,0,28,0,9,1,1,0,2,5,4,5,26,0,0,0,0,1,11,0,5,0,1,0,1,0,3,0,1,0,2,0,104,796,15,0,16,22,0,1,0,88,7,0,1,0,0,1,2,8,0,10,0,1,0,0,4,0,0,41,2,0,0,7,0,0,0,0,0,0,1,0,120,3,9,10,4,0,2,1,1,1,11,267,65,5,26,9,45,18,27,29,2,5,5,0,0,23,726,0,0,9,1,3,0,0,1,0,2,0,2,19,1,5,0,0,6,25,0,0,0,2,0,1,2,130,3,57,0,0,13,1,0,51,0,0,0,0,116,7,50,0,1,5,4,0,10,1,2,58,0,1,82,2,0,11,0,30,0,3,6,0,0,1,0,0,0,2,0,12,4,0,0,0,2,3,0,0,3,87,0,1,1,2,0,0,1,0,56,1,0,2,0,0,37,0,0,0,6,2,0,0,3,0,0,5,185,6,13,3,3,4,7,4,3,0,341,3,2,1,0,16,0,0,7,3,45,1,3,2,13,2,0,0,18,3,8,0,0,1,8,7,1,0,31,618,0,0,1,0,3,101,96,0,0,1,1,17,6,45,0,0,105,6,0,0,106,15,1,1,0,2,0,7,41,0,13,823,0,4,0,0,0,18,0,0,1,0,1,54,0,1,2,0,0,10,5,0,0,50,22,0,8,0,1,0,0,2,3,0,25,14,1,4,9,1,1,0,4,4,0,3,6,0,0,20,0,10,13,3,5,0,0,171,0,0,9,1,0,0,0,1,0,0,0,1,0,0,0,0,2,0,1,0,0,0,3,7,9,12,0,5,10,0,0,3,0,0,1,0,12,0,2,24,0,0,0,0,0,31,15,42,3,0,0,10,4,70,0,290,807,3,0,7,0,4,0,0,0,10,0,7,0,2,0,9,3,1,10,0,1,1,21,872,25,0,0,4,2,3,0,0,2,0,0,32,11,1,0,0,5,13,0,0,8,0,0,31,1,6,16,0,4,0,0,1,0,0,0,8,0,1,1,0,3,1,0,0,25,26,10,1,0,69,0,1,0,5,1,9,6,1,0,15,80,1,0,0,0,0,0,2,0,27,214,0,7,1,1,0,5,2,0,0,0,119,0,107,660,342,1,1,0,4,3,1,6,50,62,0,1,0,0,45,0,0,1,1,137,22,0,0,9,22,14,4,1,0,0,0,0,2,7,0,3,12,3,0,3,0,3,2,5,0,6,12,0,0,0,0,3,115,0,1,60,15,0
SRR23961995,0,0,0,484,0,0,2,0,7,0,0,2,0,0,0,0,4,22,2,2,0,5,4,1,5,31,0,2,0,12,1,0,3,11,0,0,14,2,0,0,2,0,0,11,9,0,1,6,0,0,0,995,0,8,0,0,4,0,265,0,2,0,0,0,0,0,1,0,0,0,0,7,4,0,0,0,2,0,1,0,2,0,0,0,0,2,0,2,0,4,1,69,0,0,0,69,0,0,14,2,0,1,3,1,0,0,0,0,0,0,0,0,1,0,1,11,1,0,16,2,0,11,0,1,2,0,2915,0,0,1,0,4,3,0,0,0,2,1,2,0,309,0,0,5,0,0,0,213,1,0,0,0,25,0,0,0,2,3,0,67,0,16,0,196,66,2,63,0,0,0,21,6,0,0,167,1,1,1,2,0,2,6,4,15,1,156,3,6,0,23,0,0,4,0,10,0,0,2,0,42,0,1,52,1,6,1,8,0,0,17,5,0,9,0,24,0,1,0,51,4,0,0,2,1,0,2,16,0,14,6,0,0,3,1,13,0,0,12,44,0,0,0,5,0,4,7,0,0,1,0,0,5,21,53,0,4,1,2,0,2,1,0,0,0,1,0,4,2,0,0,0,12,0,2,89,0,1,111,4,24,0,2,26,10,0,6,1,2,0,0,10,0,0,0,0,0,2,31,0,2,2,0,24,0,2,7,0,0,1,0,0,8,0,0,4,10,55,4,51,0,4,8,0,0,165,2,0,4,4,4,4,1,0,0,3,4,6,2,0,8,1,0,15,1,2,2,2,1,0,0,25,0,33,0,0,0,0,0,20,3,0,1,0,1,0,36,6,0,7,97,2,0,8,9,32,3,0,1,0,0,1,0,9,2,1,0,0,2,658,2,6,0,123,0,18,13,3,0,0,0,0,2,24,0,1,0,0,0,8,0,0,0,162,3,465,0,6,0,0,1,0,10,5,0,1,0,63,0,0,6,3,0,43,17,95,0,1,0,47,2,4,0,2,0,3,8,0,16,0,7,0,2,2,164,8,3,0,1,1,1,0,0,0,2,21,0,7,13,2,2,14,2,0,3,4,0,0,0,0,0,0,13,0,5,25,10,0,6,0,83,8,0,2,10,0,0,0,0,0,9,7,0,14,3,3,0,0,0,0,1,0,0,0,0,1,0,0,0,1,0,4,17,0,10,7,1,0,0,0,0,0,0,0,0,1,0,3,3,0,52,5,2,0,18,0,0,0,0,2,0,1,65,0,2,0,0,9,0,0,0,2,0,2,0,47,0,0,4,0,0,0,0,1,0,0,5,24,1,0,0,2,0,11,1,28,0,89,1,0,11,8,0,4,0,1,4,2,0,0,0,89,10,3,0,0,0,7,2,5,3,2,13,1,4,3,7,1,4,0,0,1,0,18,0,0,4,5,3,0,525,5,2,116,0,0,10,0,2,1,2,0,2,3,1,7,20,2,0,0,0,3,6,1,3,0,3,1,1,0,0,0,6,0,3,1,67,931,4,1,5,25,2,3,1,64,1,0,1,0,1,0,0,4,0,2,0,0,0,0,1,0,0,36,0,0,1,3,0,1,0,0,0,0,0,0,67,0,0,2,6,1,6,0,0,1,2,108,29,4,3,2,14,21,10,11,0,17,10,0,0,14,578,0,0,5,0,4,0,0,0,0,3,1,1,33,2,2,1,0,0,8,0,0,0,4,0,0,1,116,0,22,2,0,5,0,1,40,0,0,1,1,23,2,58,0,2,1,3,0,1,0,1,23,0,1,41,1,0,3,0,13,0,1,2,0,1,0,0,0,1,0,0,18,2,4,0,1,0,5,0,0,3,43,0,2,2,0,0,0,0,0,29,0,5,0,0,0,10,0,0,1,6,0,0,0,0,0,0,3,70,6,4,0,5,7,4,0,0,0,251,0,2,1,0,11,0,0,6,3,29,3,1,0,5,1,0,0,18,1,5,1,0,3,7,4,0,0,19,366,1,0,2,0,1,90,56,0,0,0,0,32,1,33,0,0,52,2,0,2,74,5,0,0,0,0,0,4,14,0,9,673,3,10,1,0,0,15,0,0,1,2,0,62,0,4,0,0,1,9,9,0,0,24,9,0,0,0,0,0,0,3,2,0,14,10,4,5,10,0,0,3,3,0,0,0,8,2,0,19,0,3,12,2,1,0,0,118,2,0,8,0,0,0,1,1,0,0,0,0,0,0,0,1,1,0,3,1,0,0,3,3,2,9,0,2,7,1,0,0,0,0,3,1,11,0,5,9,1,0,0,0,0,10,24,21,0,0,0,6,2,46,0,156,450,6,0,9,0,1,0,0,0,4,0,2,0,0,0,0,2,2,13,0,0,0,9,453,5,0,0,4,0,0,0,0,2,0,0,35,6,0,0,0,1,4,0,0,0,0,0,23,1,1,9,1,0,2,0,0,1,1,0,14,0,1,0,0,6,0,0,0,37,2,5,1,0,43,0,0,0,0,0,19,4,0,0,0,82,0,3,0,0,0,0,0,0,19,49,0,4,1,0,8,1,1,0,0,0,85,0,34,976,151,0,1,0,0,0,0,2,14,27,0,0,0,1,13,0,1,0,0,67,10,0,0,2,16,9,2,1,0,0,0,0,2,2,0,0,3,0,0,5,0,1,0,3,0,13,8,2,0,1,0,3,117,0,4,25,14,0
SRR28636387,0,0,0,581,0,0,0,0,4,0,2,33,0,0,0,0,3,82,0,2,0,1,0,0,3,46,1,5,0,2,4,0,1,0,0,2,15,204,0,0,3,0,0,11,10,1,3,21,0,0,0,1431,0,10,0,0,56,0,266,0,10,0,3,3,0,0,2,2,0,8,0,3,0,0,11,0,4,0,6,0,1,0,0,0,2,12,0,3,0,2,0,93,0,0,0,60,1,0,7,4,3,4,15,0,0,0,0,5,2,2,0,9,0,0,0,12,1,0,22,3,0,44,0,0,0,2,3253,0,0,0,0,25,3,0,0,1,7,0,0,1,331,0,0,12,0,0,0,258,0,3,0,0,24,0,0,0,13,0,1,68,0,13,0,189,101,0,86,3,0,0,25,16,3,0,293,4,4,0,5,0,1,3,2,15,3,298,7,3,0,13,3,0,14,0,28,0,0,10,3,46,0,0,37,0,24,0,18,1,0,79,3,0,5,0,34,0,0,1,75,5,3,1,0,0,0,5,22,0,12,1,0,0,7,0,17,6,0,65,77,1,0,0,4,2,4,13,0,1,1,0,0,12,14,146,0,1,0,0,0,0,0,0,1,1,0,0,4,0,0,0,0,15,2,0,57,5,1,110,0,13,0,0,48,11,0,6,0,7,0,0,13,0,0,3,0,0,0,52,0,6,14,0,10,0,1,12,0,0,0,1,0,6,0,0,10,53,81,12,37,0,9,3,0,0,152,2,0,8,5,9,13,0,2,0,9,0,13,1,1,111,3,0,8,0,1,0,1,1,0,4,36,0,27,0,0,0,0,0,17,10,0,1,0,0,0,88,3,0,36,99,2,1,8,15,34,6,0,0,0,0,0,0,16,10,4,2,14,1,947,16,1,0,132,1,47,28,2,0,0,0,0,2,12,3,0,0,4,0,2,0,0,1,113,0,689,1,9,0,1,0,0,31,17,0,3,0,57,0,1,3,0,1,60,31,119,0,0,0,59,1,0,0,8,1,3,12,1,17,0,8,0,0,0,164,29,4,0,0,0,1,0,7,0,4,45,0,28,16,1,4,5,6,0,9,7,0,0,0,0,1,0,23,0,20,26,7,6,6,0,42,22,0,0,10,0,0,0,0,0,4,8,0,36,7,10,0,0,0,4,10,0,1,0,1,21,0,0,1,0,2,3,32,0,8,10,0,6,0,17,0,2,1,5,5,0,0,7,3,0,42,12,3,0,24,4,0,4,0,2,0,7,46,0,2,0,7,7,0,0,0,0,0,0,0,33,0,11,6,2,0,3,0,0,1,0,8,76,1,1,0,0,0,21,0,25,0,67,5,0,3,4,0,0,0,2,0,4,0,0,1,77,1,10,1,0,1,8,0,3,0,2,19,0,3,4,3,2,8,0,0,1,3,5,0,2,0,7,1,0,551,5,1,150,1,2,22,0,3,1,0,0,7,12,0,2,47,2,2,0,2,1,21,9,1,0,1,0,0,0,0,0,1,0,0,1,81,760,10,0,7,20,1,0,0,91,9,0,5,0,0,0,0,13,0,6,6,0,0,0,4,0,0,30,3,0,0,2,0,0,0,0,0,0,0,0,61,0,2,8,4,0,0,0,0,1,8,63,12,10,11,7,43,12,25,21,0,16,25,0,0,14,658,0,0,2,7,1,0,0,2,3,3,0,5,52,0,0,2,0,8,19,0,0,0,6,2,1,0,169,1,19,0,0,4,0,0,31,0,0,2,1,5,6,77,0,13,0,5,0,2,0,5,22,0,3,16,2,0,15,0,17,0,2,5,0,0,1,1,0,3,0,1,19,4,0,0,0,1,4,0,0,0,52,0,4,0,0,0,0,0,0,30,0,0,0,0,4,9,0,0,3,6,0,0,0,0,0,1,13,104,17,3,3,3,9,16,3,0,0,287,4,4,0,0,44,1,0,5,4,24,1,0,4,3,5,0,0,15,4,43,0,8,2,3,10,5,0,38,567,2,0,0,4,0,68,54,0,0,12,2,20,6,17,0,10,35,0,2,1,70,18,0,0,0,0,0,5,38,0,7,868,0,5,10,0,0,21,3,2,11,0,2,76,0,0,0,0,1,16,8,1,0,73,15,0,6,0,2,2,2,2,2,0,36,15,10,5,15,0,9,2,9,0,13,3,1,0,0,12,2,4,8,7,1,0,2,127,0,4,8,4,0,0,0,1,0,2,1,1,0,0,0,0,0,0,2,1,0,0,14,4,1,2,0,174,19,0,0,0,2,1,4,0,23,2,1,3,0,0,0,0,0,11,49,7,2,0,0,4,3,34,1,290,840,2,0,7,1,1,0,0,0,2,0,0,0,3,0,8,2,4,13,0,0,0,4,464,11,0,1,23,2,6,0,1,4,0,7,88,3,1,1,0,2,1,0,1,2,3,0,17,0,4,12,0,1,1,0,1,0,3,0,11,0,1,0,0,5,0,2,3,73,3,10,3,0,139,0,1,0,0,1,18,3,0,2,0,36,0,3,0,0,0,0,2,1,9,88,0,2,0,0,10,1,7,1,1,0,37,0,72,1376,331,0,0,0,2,9,1,13,26,15,2,0,0,0,17,0,0,1,0,65,16,0,0,5,11,9,2,0,2,3,0,1,1,0,0,0,3,1,0,6,0,0,0,38,1,16,11,3,0,3,0,16,123,1,13,15,35,0
SRR23872597,0,0,0,551,0,2,2,0,3,2,0,3,1,1,0,0,4,26,3,2,2,3,0,0,6,41,0,2,0,11,2,0,1,3,0,0,26,0,0,0,0,0,1,25,15,1,2,1,0,0,0,1176,0,5,0,0,10,0,252,0,1,2,0,0,0,1,3,0,0,0,0,4,2,0,0,2,6,0,3,1,3,0,0,0,2,9,1,10,1,13,7,127,0,0,0,142,3,0,17,4,1,3,1,0,0,0,0,0,0,3,2,2,0,0,0,13,0,0,14,2,3,31,0,2,0,0,2855,0,0,0,0,1,8,0,0,0,6,0,4,1,303,0,0,7,3,0,0,181,0,0,0,0,30,2,0,1,2,5,0,72,0,18,0,285,37,4,82,5,0,0,57,22,1,0,217,3,0,0,4,3,2,1,4,13,3,198,0,6,0,19,2,3,14,0,28,0,3,3,0,52,0,2,29,0,0,0,14,0,0,46,10,0,7,0,30,0,2,0,50,2,3,2,0,2,0,1,9,0,10,5,0,1,1,1,7,0,1,16,37,2,0,4,1,2,12,9,0,3,2,0,0,16,11,76,0,2,1,6,0,0,0,0,0,0,1,0,9,2,1,0,0,8,0,0,117,6,1,87,2,9,0,0,24,0,1,13,0,4,0,0,12,0,0,2,0,1,0,57,0,1,6,0,31,0,2,6,0,0,0,0,0,3,0,1,0,11,60,7,58,0,7,3,2,0,218,2,2,20,2,5,8,0,0,0,9,5,14,15,1,20,3,0,9,2,5,0,4,3,1,0,21,0,33,0,0,0,0,0,30,1,0,3,0,0,0,82,7,1,15,81,2,0,1,10,28,36,0,2,0,0,44,0,17,2,3,4,3,0,791,0,0,0,93,0,49,3,1,4,0,2,0,3,38,8,0,0,0,0,6,3,0,3,115,1,495,0,8,0,0,9,0,3,4,0,5,2,83,3,0,15,4,0,47,62,115,0,1,0,79,2,0,0,4,0,6,29,0,23,4,12,0,0,2,153,10,0,1,1,2,0,0,5,0,0,28,4,26,14,0,1,12,6,0,5,2,1,0,0,0,0,3,10,0,5,12,7,0,5,0,110,21,0,2,9,0,0,0,0,0,6,10,0,33,5,5,0,0,0,2,5,0,0,0,2,5,2,0,1,4,0,3,65,0,2,12,0,15,0,3,0,1,0,0,0,0,1,1,0,0,57,21,0,2,37,0,0,0,0,0,0,7,37,1,3,3,2,2,0,0,0,1,0,4,0,36,0,21,1,0,0,0,0,0,0,0,7,106,1,0,0,0,0,26,2,19,0,108,6,0,13,7,0,0,0,6,0,3,0,1,0,74,22,0,0,0,0,19,3,7,0,2,17,0,1,15,0,0,6,0,0,0,2,3,0,0,2,2,6,0,601,5,1,226,2,1,16,0,0,0,2,0,1,12,3,10,19,4,1,5,0,2,7,4,9,0,4,0,1,0,1,0,2,0,3,0,72,962,10,0,20,20,1,0,1,61,5,0,0,0,0,0,0,4,0,5,2,2,0,0,2,0,0,26,5,0,0,0,0,1,0,0,0,0,0,0,91,1,1,3,8,0,12,0,0,4,7,162,60,2,2,0,61,7,8,0,1,7,5,0,3,23,596,0,0,10,0,2,0,0,1,0,2,0,5,103,0,1,2,0,4,28,2,0,0,4,0,6,3,211,2,29,1,0,6,0,0,18,0,0,0,0,32,1,33,0,2,0,9,2,11,1,2,33,0,3,46,1,0,11,0,15,0,0,8,0,0,1,1,0,0,2,0,21,4,11,0,1,0,2,0,0,0,58,1,4,0,0,0,0,1,0,18,0,0,0,0,9,30,0,0,0,5,0,0,0,1,2,0,8,97,3,8,4,3,1,2,3,0,1,303,2,0,0,0,20,0,1,8,0,50,0,0,1,7,2,0,0,12,2,5,0,0,2,5,12,0,0,20,459,1,1,1,1,5,90,65,3,0,2,0,12,3,34,0,1,88,4,0,0,112,7,0,0,0,0,0,1,3,2,8,805,1,1,0,0,0,13,3,0,3,4,2,62,0,0,0,0,1,6,15,0,0,39,3,0,0,2,0,1,0,0,1,0,18,21,2,1,11,3,1,0,0,0,0,0,0,3,0,19,0,9,17,4,0,2,0,246,1,0,8,0,0,1,3,0,31,0,0,0,0,0,0,2,7,0,2,0,1,0,1,2,0,15,0,6,2,0,0,0,0,0,0,2,15,0,2,11,0,0,0,0,2,30,38,26,0,0,2,3,2,31,0,190,475,0,1,4,2,2,2,1,0,11,0,3,0,4,0,9,2,13,20,0,0,0,10,526,13,0,0,6,0,1,0,6,3,0,0,7,11,0,1,0,4,7,0,0,2,0,0,57,0,6,2,0,1,1,0,0,0,4,0,14,0,1,3,1,3,0,1,0,22,10,6,3,0,25,0,0,0,1,0,22,3,0,0,0,56,2,4,0,0,0,0,0,0,22,68,0,2,0,0,4,2,1,0,0,0,119,0,117,602,189,0,1,0,2,0,2,0,27,40,2,2,0,0,27,0,0,1,0,57,29,1,2,6,11,8,3,0,0,1,0,2,1,0,0,0,9,0,0,4,1,1,2,4,2,7,46,0,0,1,0,0,146,1,4,27,43,1
SRR28636386,0,0,0,487,0,0,3,0,2,0,1,26,1,0,0,0,4,169,0,4,0,0,0,0,8,24,0,0,0,8,5,0,0,0,0,0,3,214,0,1,0,0,0,9,27,0,1,11,0,0,2,1526,0,13,0,0,27,0,234,0,10,0,0,3,0,0,2,0,0,3,0,0,0,0,4,0,1,0,3,0,0,0,0,0,0,23,0,5,2,3,1,50,1,1,0,67,0,0,7,1,2,0,10,1,1,0,2,3,0,0,0,8,2,0,0,4,0,0,12,0,0,17,0,0,0,0,3062,2,0,1,0,4,0,0,0,0,0,0,1,0,306,0,0,12,0,0,0,199,2,0,0,0,28,2,0,0,17,1,0,43,0,9,0,157,91,0,84,5,0,0,72,28,1,0,432,3,1,0,1,1,1,11,3,14,3,251,6,5,2,24,3,0,10,0,21,0,0,13,1,24,0,0,38,2,27,0,11,0,1,112,14,0,10,0,36,0,2,1,87,14,2,0,0,0,1,0,9,0,9,3,0,0,0,0,10,5,0,125,166,0,0,2,9,4,1,2,0,0,0,0,2,9,30,103,0,1,0,3,1,0,0,0,1,0,0,2,8,0,0,0,1,20,0,0,54,4,0,70,1,8,0,0,24,6,3,6,0,4,0,1,13,0,0,0,0,0,0,46,0,1,39,0,18,0,1,7,0,1,0,0,1,2,1,2,3,27,54,5,51,0,4,4,0,0,195,3,0,8,0,12,9,0,0,0,7,6,10,3,0,722,2,1,7,1,3,0,5,3,1,1,37,0,33,0,0,0,0,1,17,2,2,0,0,1,0,51,3,0,25,86,1,1,4,9,82,11,0,6,1,1,1,0,4,0,1,2,10,3,1075,4,7,0,146,0,27,12,2,0,0,1,0,5,29,3,0,0,2,0,2,1,0,2,179,2,574,2,11,0,1,1,0,9,9,0,7,0,41,0,0,3,0,0,44,42,82,0,1,0,68,0,4,0,9,0,6,15,0,19,1,4,0,0,0,136,19,6,0,1,1,0,2,9,0,4,45,1,28,13,2,10,3,2,0,1,6,0,0,0,0,0,1,27,2,0,21,4,0,6,0,61,44,0,0,10,0,0,0,0,0,4,4,0,37,5,16,1,0,0,1,7,0,0,0,1,9,0,0,0,0,0,6,6,0,21,2,2,5,0,6,0,0,2,2,1,2,0,2,3,0,26,7,1,0,20,0,0,2,1,0,0,5,24,0,1,3,5,14,3,0,0,1,0,4,1,30,0,6,8,1,0,3,1,0,0,0,8,86,8,2,2,0,0,31,0,31,0,67,3,0,0,3,0,0,0,2,5,8,0,0,0,64,3,20,0,1,0,4,2,2,0,3,6,4,0,4,0,0,4,0,0,0,1,4,1,0,0,3,3,0,417,4,0,125,0,1,25,0,2,0,0,2,2,19,1,13,20,3,1,1,0,2,8,11,1,0,5,0,1,0,0,0,1,0,4,3,65,633,10,0,9,16,1,3,0,54,4,0,1,0,4,0,0,12,0,39,1,0,0,1,3,0,0,34,3,0,1,3,0,0,0,3,1,0,0,0,110,0,1,5,4,0,4,0,1,1,5,69,24,2,11,0,30,15,4,34,1,18,7,1,0,20,597,0,0,2,3,2,0,0,0,0,2,1,0,25,1,0,0,3,3,16,0,1,0,10,0,0,1,240,3,18,0,1,3,4,0,31,5,0,0,2,14,6,88,0,13,1,8,0,6,0,1,29,0,4,19,3,1,18,0,16,0,0,3,0,0,0,0,0,1,1,1,29,5,2,0,0,2,6,0,0,1,63,0,0,4,2,0,0,0,0,29,1,2,1,0,2,3,0,0,0,4,0,2,0,2,2,0,4,95,6,1,6,1,3,4,4,0,0,442,6,13,2,0,34,1,1,1,9,25,2,0,0,3,4,1,0,32,2,72,0,4,2,7,14,2,0,42,517,1,0,1,1,3,36,40,2,0,20,2,34,5,17,7,3,56,0,2,1,92,7,0,0,0,0,0,1,44,2,7,589,0,3,5,0,0,18,0,0,5,0,2,85,0,5,0,0,1,10,11,3,0,62,11,1,5,1,4,0,5,3,1,0,35,9,14,2,4,0,2,4,6,1,5,3,1,1,2,16,0,6,5,5,1,1,0,145,0,2,7,2,0,0,2,5,0,0,0,0,0,0,0,0,1,2,3,0,0,0,19,2,2,2,0,252,14,0,0,0,1,0,0,0,14,1,0,8,0,0,0,0,0,29,34,7,1,0,0,2,24,40,2,265,771,9,0,2,2,2,0,0,0,5,0,3,0,3,0,12,0,0,22,0,0,0,8,271,15,0,1,22,0,8,1,0,8,0,3,90,5,0,0,0,0,3,0,0,2,4,0,32,1,1,16,0,1,0,1,0,0,0,0,26,0,1,1,0,3,0,0,0,76,3,8,2,0,183,0,0,0,1,0,5,3,0,1,2,47,0,1,0,0,0,0,1,0,5,112,0,2,0,1,2,1,0,1,0,1,39,2,49,1090,444,3,2,0,1,3,26,1,32,16,0,1,0,0,9,1,0,0,0,52,40,0,0,4,7,3,1,1,0,2,0,1,2,0,0,0,3,0,1,6,0,0,2,19,2,8,15,1,0,1,0,3,130,0,6,22,19,1
SRR28925923,0,0,0,590,1,0,0,0,3,0,0,0,0,0,0,0,44,429,3,6,4,1,0,0,1,22,1,1,0,23,4,0,2,0,0,0,24,2,3,0,4,0,6,21,44,1,1,5,0,3,3,1303,1,4,0,0,11,2,133,0,18,0,0,2,0,0,2,1,0,0,6,2,0,19,1,0,9,0,4,0,4,0,0,0,1,27,0,0,0,44,10,96,0,0,0,46,2,0,2,3,2,0,69,0,1,0,0,0,0,4,27,2,0,2,4,6,0,0,48,3,0,175,1,0,0,0,3568,0,0,2,3,0,6,0,1,0,2,0,1,0,301,0,0,11,0,0,0,144,0,0,0,0,85,0,0,0,36,12,0,71,0,32,0,114,28,0,59,23,0,0,202,15,8,0,303,1,0,0,7,15,7,1,1,12,2,249,2,4,0,8,5,0,5,0,140,0,0,7,0,114,0,1,29,1,3,0,4,0,0,121,13,1,6,0,113,0,2,0,132,1,0,0,0,0,2,1,21,0,33,2,0,0,0,2,24,2,0,38,217,1,0,0,1,2,7,18,0,0,0,0,0,10,8,120,0,1,1,0,0,2,0,0,0,0,1,0,30,0,0,0,0,7,0,0,98,24,3,76,1,54,0,0,42,74,0,7,0,7,0,0,10,1,0,6,0,0,0,46,0,0,6,2,59,0,1,2,0,0,0,0,1,1,0,0,3,18,90,13,50,0,51,14,0,0,146,1,0,4,0,11,23,0,0,0,1,23,4,4,0,16,1,0,3,0,3,0,3,0,0,0,20,0,17,0,0,0,2,2,3,10,4,0,0,0,0,40,2,0,8,50,0,0,5,3,470,10,0,4,0,0,18,0,11,2,4,0,7,0,1383,1,4,0,65,0,15,44,0,2,0,2,0,4,23,2,0,0,0,0,3,0,0,17,78,0,703,1,8,0,0,1,0,1,4,0,1,0,104,0,5,53,0,0,81,71,109,0,2,0,53,1,0,0,6,1,3,9,0,40,0,10,1,0,2,262,12,3,0,2,0,1,0,2,0,1,113,2,14,20,4,6,24,6,1,11,4,1,0,0,0,0,1,18,0,0,22,6,0,4,0,48,19,0,4,24,0,0,0,0,0,1,12,0,17,13,5,1,0,0,0,1,0,1,0,0,0,0,0,1,1,0,1,23,0,6,26,0,2,0,4,4,0,1,3,0,1,0,2,0,0,37,3,5,7,44,0,1,0,0,1,2,17,28,0,4,0,0,4,0,0,0,6,1,0,0,17,0,26,4,3,0,2,0,0,0,1,3,390,1,3,1,0,0,17,11,13,0,40,2,0,4,0,0,0,0,2,0,9,0,0,0,72,11,0,0,0,0,6,0,2,0,0,31,2,0,11,1,0,2,0,1,0,4,6,0,0,2,7,0,2,409,21,1,200,10,2,46,0,2,0,3,0,0,42,1,7,17,5,0,4,0,1,2,9,13,0,3,0,1,0,0,2,2,0,2,0,66,753,18,0,6,12,1,2,0,139,3,3,1,0,1,0,1,50,1,17,2,0,0,0,3,0,0,13,2,0,3,4,0,9,1,0,0,1,0,1,178,56,5,12,3,0,5,0,0,2,3,183,60,10,23,11,38,6,21,20,0,12,5,2,2,31,840,0,0,4,1,0,0,2,0,0,0,0,0,126,0,0,1,0,3,43,0,0,1,3,0,2,1,777,0,32,0,0,7,5,3,14,0,0,0,0,14,4,53,11,0,0,3,0,13,0,21,12,0,0,43,0,0,9,0,20,0,1,10,0,3,0,0,0,1,12,0,12,7,57,0,1,0,3,0,0,0,23,0,2,1,0,0,1,0,0,35,1,0,1,0,6,461,0,0,2,2,0,1,0,8,0,0,21,107,6,7,0,0,4,2,2,0,0,1515,4,3,1,0,16,0,0,2,8,77,0,3,5,5,1,0,0,10,11,13,0,0,3,4,20,1,0,18,679,1,0,0,0,0,53,77,2,2,0,2,18,3,25,4,3,28,1,0,0,98,4,0,0,0,0,0,3,29,0,7,624,0,33,1,0,1,8,0,0,0,9,6,60,0,3,1,0,0,4,47,0,0,58,11,0,2,1,0,0,1,1,5,0,43,20,5,5,13,0,1,1,7,0,0,6,4,1,0,8,0,7,48,11,2,1,0,52,0,0,3,1,0,0,3,6,0,0,0,2,0,0,1,0,22,0,0,0,0,0,1,7,15,8,0,5,5,0,0,0,0,0,0,4,43,0,5,6,0,0,0,2,0,44,17,7,0,0,0,8,4,24,0,225,1057,26,0,9,0,0,0,0,0,2,0,9,4,6,0,4,1,15,29,1,0,5,8,696,12,12,0,20,0,0,0,0,3,0,6,50,1,1,0,4,0,2,0,3,0,0,0,22,1,10,1,0,0,5,0,0,0,2,0,14,0,5,0,0,3,0,5,1,21,20,3,1,3,85,0,1,1,0,0,10,6,0,0,0,62,0,0,0,0,0,0,0,0,5,182,0,1,0,1,0,7,3,0,0,0,67,1,309,494,325,0,2,0,1,1,0,7,27,14,0,0,0,0,33,0,0,0,0,58,18,0,0,2,1,8,2,0,0,3,2,2,2,0,0,0,3,0,0,9,1,3,2,6,1,7,62,2,0,0,0,2,73,4,1,19,52,0
SRR23872596,1,0,0,675,1,0,4,15,15,1,0,5,0,0,1,3,7,22,2,0,1,2,0,0,11,51,0,7,0,12,4,0,1,5,0,2,36,2,1,1,2,0,7,16,24,3,1,0,0,0,1,1366,0,1,0,0,4,0,363,0,2,0,0,0,0,0,5,3,1,0,1,3,2,0,1,1,9,0,3,0,3,0,3,0,0,6,0,4,0,12,32,83,0,1,0,117,0,0,13,1,5,0,18,0,0,3,2,1,0,20,0,1,4,0,0,18,2,0,50,3,0,38,0,1,2,2,3045,0,1,0,0,2,6,1,1,0,2,2,2,0,329,1,0,10,1,0,0,215,1,0,0,0,14,2,0,0,6,11,0,84,0,17,0,295,23,7,103,5,1,0,60,21,0,0,230,2,1,0,6,4,8,5,0,10,1,241,2,8,2,28,2,0,6,0,38,0,0,4,0,48,0,0,35,0,1,0,28,1,3,66,3,2,7,0,38,0,1,0,35,6,0,0,0,0,0,0,15,0,25,1,1,0,1,1,25,0,0,25,42,2,1,0,0,0,2,10,1,0,3,0,0,19,15,79,0,3,0,1,0,2,0,0,0,0,1,0,9,0,0,0,0,10,0,0,164,12,4,86,0,12,11,0,26,6,0,10,2,8,0,2,18,6,0,1,0,0,1,43,0,2,3,0,21,0,1,0,2,0,0,0,0,13,0,1,2,26,74,11,74,0,10,3,2,0,257,2,0,10,2,5,13,0,1,0,5,1,7,11,2,14,0,0,24,0,1,2,7,0,2,2,14,1,40,0,0,0,0,0,22,4,0,0,0,0,0,74,5,1,11,139,0,0,3,3,22,31,1,0,0,0,77,1,14,1,2,9,2,10,996,0,2,1,85,0,75,3,5,2,0,2,0,3,29,2,0,0,0,0,3,0,0,2,85,0,730,0,18,0,0,8,0,5,7,3,2,0,75,1,0,11,0,0,63,73,147,0,4,0,72,0,4,0,5,0,2,15,0,29,2,5,0,0,11,249,5,0,1,2,2,1,0,27,12,1,44,3,17,17,0,6,14,5,0,4,1,4,0,0,2,0,3,9,0,8,34,17,2,3,0,149,15,0,4,20,0,1,1,1,0,11,7,0,36,0,11,0,0,0,2,4,0,0,0,1,4,1,0,0,0,0,2,43,1,3,10,5,39,0,2,6,3,1,0,0,0,2,0,3,0,32,12,1,0,47,0,0,0,0,1,2,11,65,2,1,1,0,0,0,0,1,1,0,1,5,45,0,24,3,1,0,0,0,0,0,0,11,146,8,1,0,0,0,30,3,18,0,121,2,0,11,6,0,0,1,6,0,9,0,0,0,83,15,1,0,0,1,16,0,8,4,1,13,0,3,15,6,0,4,1,1,0,0,11,0,0,1,2,6,0,716,6,1,234,5,1,11,0,0,2,6,0,0,3,1,15,15,0,2,0,1,5,18,0,5,0,1,0,0,0,0,0,0,0,2,3,109,906,9,3,11,14,1,1,0,93,8,0,2,0,0,0,0,13,0,10,0,0,0,0,6,0,1,18,4,0,0,8,0,0,3,0,0,0,0,0,123,0,3,4,10,0,217,0,0,1,9,171,50,5,4,8,61,14,12,12,0,9,5,0,4,9,833,0,2,6,0,7,0,0,3,0,3,0,1,86,0,0,5,0,5,15,0,0,0,10,0,3,2,160,5,40,5,0,1,1,0,48,0,1,0,1,42,2,29,0,2,0,6,1,12,0,3,36,0,0,70,1,0,14,0,30,1,1,3,1,0,3,1,0,1,2,0,9,4,19,1,2,0,3,1,0,2,77,0,0,0,1,0,0,0,0,33,0,0,0,0,10,60,0,0,0,7,2,0,0,1,0,0,9,116,4,2,1,1,4,3,3,1,1,453,6,1,0,0,12,3,0,2,2,69,1,0,1,9,1,0,0,8,0,12,0,2,1,10,10,1,1,39,598,0,0,0,2,13,105,91,8,1,4,2,7,3,38,0,2,111,3,0,0,77,7,0,1,0,0,0,4,9,0,12,854,0,19,3,0,0,26,1,0,1,0,0,38,0,3,2,0,0,10,13,0,0,38,19,0,0,0,0,2,3,0,2,0,32,16,2,11,15,0,0,1,0,3,0,2,3,1,1,16,0,4,19,5,2,0,0,188,0,0,17,0,0,0,6,1,7,0,0,0,1,1,0,0,2,0,4,1,0,0,0,2,4,9,0,1,0,3,1,0,0,5,0,0,72,0,5,11,0,1,0,0,1,21,153,42,4,0,0,2,0,42,0,230,499,1,1,2,0,0,3,0,0,5,1,5,15,1,0,9,2,18,14,6,1,0,9,663,9,4,0,8,1,5,0,2,1,0,1,6,8,0,0,4,2,7,0,2,4,2,0,42,0,0,3,0,0,0,0,0,0,3,0,12,0,0,0,0,5,0,2,0,37,15,7,0,0,23,0,3,0,2,0,16,4,0,0,3,62,0,0,0,0,0,0,0,0,15,46,0,4,0,1,1,4,0,0,0,0,113,1,88,678,194,2,3,0,3,4,0,7,26,56,0,0,0,0,20,0,0,1,1,104,22,0,0,10,16,6,10,0,2,1,0,2,7,2,0,2,15,6,0,12,0,2,0,9,0,3,45,3,0,0,0,1,144,0,3,47,83,0
SRR28636385,0,0,0,302,1,3,0,0,6,0,0,0,1,0,1,0,5,65,1,1,0,2,0,0,9,33,6,0,0,2,3,0,4,10,3,0,14,1,0,0,0,0,0,11,12,0,2,5,0,0,0,663,0,6,0,0,4,0,128,0,4,0,0,0,0,0,2,1,0,1,0,3,9,0,1,0,0,0,1,0,1,0,0,0,2,3,0,1,2,5,5,57,0,0,0,38,0,0,5,3,1,2,1,0,0,1,0,0,2,0,0,0,0,0,0,1,5,0,9,1,0,11,0,0,0,0,4096,0,0,0,0,0,1,0,0,0,4,0,16,0,467,0,0,11,0,0,0,243,2,0,0,3,7,0,0,0,4,3,0,44,0,5,0,132,34,1,37,1,0,1,32,19,0,0,126,0,0,0,9,1,1,4,2,5,7,102,3,16,0,8,1,0,7,0,8,0,0,9,0,78,0,0,76,2,0,0,3,0,0,23,9,1,12,0,17,1,0,0,37,0,0,0,0,0,4,1,15,0,6,4,0,0,24,0,1,1,0,6,65,0,0,2,2,0,0,3,0,0,0,0,0,3,18,62,0,2,0,2,0,0,0,0,0,1,1,0,5,0,0,1,0,14,0,0,78,2,0,114,2,18,0,0,16,2,1,10,0,0,0,1,6,0,2,1,0,0,0,21,1,1,2,0,29,0,1,10,0,0,0,0,0,15,0,1,0,22,43,3,54,0,3,4,0,0,78,0,0,5,7,1,1,0,0,0,2,1,6,6,0,5,3,0,1,3,2,0,0,4,0,0,21,0,55,0,0,0,0,1,20,5,0,2,1,0,1,27,1,0,2,50,0,0,21,1,22,38,0,2,0,0,0,0,14,0,0,0,0,0,555,0,0,0,163,0,26,8,2,0,0,0,0,3,15,4,0,0,0,0,3,0,0,1,258,0,292,0,3,0,0,5,0,1,4,0,0,1,42,0,0,5,0,0,32,14,66,0,4,0,20,2,0,0,1,0,10,5,0,8,0,14,4,0,1,96,2,3,4,1,0,4,0,2,0,1,17,1,8,1,0,8,21,1,0,0,1,1,2,0,0,1,0,9,1,5,11,10,1,2,0,47,3,0,0,4,0,0,0,0,0,24,3,0,6,9,2,0,0,0,2,1,0,0,0,0,3,0,0,0,0,0,2,20,0,9,15,0,0,0,0,0,1,0,1,0,0,0,0,1,0,71,8,0,0,12,0,0,0,0,0,0,0,26,0,1,0,3,2,0,0,0,0,0,1,2,57,0,4,1,0,0,0,0,0,0,0,6,17,1,1,0,0,0,13,0,22,0,57,2,2,3,2,0,1,0,2,0,3,0,0,0,87,13,1,0,0,0,3,0,6,6,2,16,3,5,3,2,2,0,0,0,0,0,30,0,1,0,0,1,0,235,1,0,84,0,0,8,0,0,15,0,0,8,8,0,4,47,0,0,0,0,0,4,5,4,0,2,0,0,0,10,0,0,0,1,0,35,613,8,0,2,72,0,2,2,28,2,0,1,0,0,1,0,10,0,8,1,0,0,0,0,3,0,49,4,0,0,0,0,0,0,0,0,0,0,0,39,2,2,8,71,0,7,0,0,0,6,115,78,7,17,6,23,10,4,1,0,2,7,0,1,9,481,0,0,5,1,1,0,0,1,0,1,0,2,56,3,0,0,0,1,17,0,0,0,3,0,1,1,36,4,16,0,0,0,0,0,21,0,0,3,1,18,3,48,0,0,0,5,0,4,0,0,24,0,0,24,1,0,1,0,7,0,0,8,0,1,0,0,0,0,0,0,45,10,0,0,0,0,1,0,0,0,18,0,0,0,0,0,0,0,0,17,0,0,0,0,3,9,0,0,0,5,1,3,2,2,0,0,0,56,2,6,2,5,1,0,2,0,0,229,1,1,0,0,31,0,0,2,1,15,0,0,0,5,0,0,0,6,0,4,0,0,0,4,8,0,0,10,266,1,0,2,0,0,72,63,0,0,2,1,17,2,14,0,1,25,6,0,3,63,3,0,0,0,0,0,4,12,0,4,465,0,0,0,0,0,7,0,0,1,0,0,66,0,0,0,0,0,8,3,3,0,24,2,0,0,0,0,0,0,0,2,0,9,4,7,3,13,0,0,0,4,11,0,2,49,0,0,18,0,3,3,9,4,0,0,59,0,0,7,0,0,0,0,1,0,0,0,0,0,0,0,1,0,0,1,0,0,0,3,0,2,7,0,4,4,0,0,2,0,3,1,0,21,0,1,7,0,0,0,0,0,7,69,91,0,0,0,12,2,15,0,112,204,0,1,4,0,0,0,0,0,5,0,3,0,0,0,5,4,3,5,0,0,0,4,459,8,0,0,0,0,0,0,0,4,0,1,7,2,0,0,0,27,3,0,0,0,0,0,23,0,1,2,1,0,3,0,1,0,0,1,7,1,9,0,0,5,0,0,1,13,3,7,0,0,23,0,0,0,0,2,3,62,0,0,0,70,0,2,0,0,0,0,0,0,7,25,0,1,0,0,1,2,2,0,0,0,44,0,54,804,109,0,0,0,1,4,0,0,15,3,0,0,0,0,6,0,0,0,0,53,11,0,0,9,8,12,0,0,0,0,3,0,1,0,0,0,3,0,0,2,0,17,0,3,0,7,2,1,0,1,0,3,91,0,3,24,7,0
SRR28925922,0,0,0,474,3,0,1,0,10,0,1,0,0,0,0,0,7,167,1,0,1,6,2,0,1,26,1,1,0,7,0,0,4,0,0,0,10,6,0,0,0,0,4,13,23,1,1,1,0,0,0,933,0,12,0,0,4,0,234,0,2,0,0,0,0,0,0,0,0,0,0,2,1,0,0,0,2,0,6,1,0,0,0,0,1,27,0,0,0,21,7,43,0,0,0,48,0,1,10,9,0,0,1,0,0,0,0,0,1,3,1,0,0,0,0,3,0,0,70,2,0,79,0,0,0,0,3895,0,0,0,0,4,6,0,0,0,2,2,5,0,227,0,0,25,2,0,0,273,0,2,0,0,19,0,0,0,11,4,0,79,0,8,0,134,27,1,51,4,0,1,97,30,11,0,240,0,2,1,0,4,0,1,0,7,5,189,6,11,1,16,8,0,10,0,95,0,2,3,0,41,0,0,53,1,0,1,8,0,0,51,10,0,5,0,32,0,0,0,194,2,0,3,0,0,0,11,17,0,14,7,0,0,1,0,23,0,0,47,98,6,0,0,6,0,1,2,0,0,0,0,0,8,10,45,0,2,2,0,0,0,0,0,0,0,2,0,7,0,0,0,0,14,0,0,102,4,4,105,1,105,0,1,18,18,0,6,0,12,0,0,7,0,0,0,0,0,0,26,0,0,15,0,21,0,3,12,0,0,0,0,0,3,0,1,0,21,80,5,71,0,6,5,0,2,207,0,0,1,1,5,7,0,0,0,0,5,5,9,1,29,8,0,6,2,2,0,0,1,1,0,59,0,43,0,0,0,0,0,4,5,0,0,0,2,0,34,3,0,2,88,0,0,1,1,1044,13,0,11,0,0,21,1,12,0,2,0,0,1,1184,1,1,0,84,0,19,6,1,0,0,0,2,1,20,0,0,0,0,0,12,0,0,2,138,0,336,0,13,1,0,0,0,2,6,0,4,0,72,0,0,18,0,0,71,21,119,0,0,0,51,1,3,0,0,0,7,12,0,22,1,2,0,0,4,291,5,0,0,1,0,3,0,3,0,0,160,0,18,4,0,4,8,0,0,1,2,1,0,0,0,0,0,0,0,0,14,3,0,7,3,55,22,0,1,11,0,0,0,0,0,6,12,0,15,39,2,0,0,0,2,0,0,0,0,0,1,0,1,0,1,0,0,28,0,7,2,1,8,0,0,2,0,1,0,0,0,0,0,0,0,67,8,0,0,18,0,0,0,0,0,6,16,62,0,0,2,0,0,0,0,1,1,0,0,0,81,0,13,3,0,0,0,0,0,0,0,4,463,10,0,0,0,0,9,0,21,0,62,3,0,2,2,0,4,0,2,0,1,1,0,0,48,8,0,0,0,0,5,0,11,0,0,32,0,1,11,5,1,0,0,0,0,2,8,1,0,2,2,1,0,455,3,0,131,1,0,22,0,2,1,0,0,0,26,1,5,21,0,0,0,0,3,7,1,7,0,8,0,0,0,0,0,2,0,0,0,55,719,4,0,8,27,0,0,0,58,9,0,2,5,0,0,2,10,0,21,0,0,0,0,7,0,0,30,5,1,0,3,0,5,2,1,0,0,0,0,118,0,1,9,1,0,0,0,0,0,3,168,60,30,4,3,26,8,4,12,0,5,3,0,0,70,880,0,0,5,0,2,0,1,0,0,2,0,0,184,0,2,0,0,2,52,0,0,0,4,0,0,0,1132,1,37,1,0,2,2,0,46,1,0,0,0,18,3,81,7,3,0,1,1,11,1,3,35,2,1,31,0,0,4,0,7,0,1,5,0,0,0,0,0,0,0,0,5,11,81,0,0,0,0,0,0,0,25,0,0,0,1,0,0,0,0,26,0,0,0,0,0,184,0,0,0,8,1,0,0,0,1,0,94,74,0,1,4,5,1,6,1,0,0,468,0,0,0,0,41,0,0,5,0,94,0,0,2,2,2,0,1,14,4,5,0,0,0,8,10,0,0,17,560,0,0,0,0,8,66,103,0,0,0,0,13,3,15,0,7,48,0,0,2,69,1,0,0,0,0,0,2,12,0,1,474,0,11,0,0,0,6,2,0,0,17,0,48,1,0,0,0,0,6,5,0,0,17,10,0,0,0,0,0,5,0,1,1,7,5,2,8,7,0,0,0,1,1,0,0,2,0,0,15,0,7,3,3,2,0,0,73,0,0,5,1,0,0,0,0,0,0,0,0,0,0,0,0,8,0,0,0,0,0,0,0,0,8,0,0,1,0,0,0,0,0,0,0,51,0,1,4,1,0,0,0,0,64,32,18,0,0,0,0,6,30,0,186,370,5,1,14,2,0,0,0,0,4,0,0,0,3,0,4,5,13,11,0,0,0,4,416,3,0,0,3,0,1,0,0,4,0,1,12,7,0,0,2,0,1,0,1,2,0,0,7,1,6,2,0,4,0,0,0,0,0,0,12,0,0,0,0,2,0,1,0,20,10,12,0,0,13,0,0,0,0,0,6,5,0,0,0,115,0,1,0,0,4,0,0,0,2,45,0,1,0,1,1,8,0,0,0,0,75,0,80,497,194,0,0,0,0,1,0,3,23,30,0,0,0,0,4,0,0,2,0,89,13,0,0,7,5,4,3,0,0,0,0,2,5,1,4,0,12,0,0,2,0,2,1,1,0,2,12,1,0,0,0,1,88,2,0,16,28,1
SRR23872595,0,0,0,772,5,1,0,14,6,0,0,5,0,0,0,1,11,15,5,1,1,0,0,0,8,49,1,5,0,16,1,1,0,1,0,0,19,0,1,1,0,0,18,11,27,2,1,0,0,0,0,1280,0,2,0,2,7,2,367,0,0,0,0,1,0,0,1,0,0,1,0,2,0,0,1,1,1,1,5,1,2,0,8,0,1,9,0,6,2,13,66,98,0,0,0,116,3,0,10,1,2,4,13,0,0,3,1,0,3,26,0,0,1,0,0,18,1,0,53,7,0,44,0,0,0,1,3185,0,0,0,0,8,4,0,0,1,2,2,0,0,399,0,0,4,7,0,1,210,0,0,0,1,18,0,0,0,19,6,0,84,1,20,0,372,22,1,112,6,0,0,71,23,2,0,290,1,1,0,0,2,3,5,3,21,4,276,0,7,0,28,3,0,6,0,43,0,1,5,0,46,1,2,45,1,0,2,27,0,4,67,0,0,10,0,33,0,0,0,43,0,0,2,0,0,3,1,12,0,28,0,0,0,3,1,16,0,0,23,32,2,0,0,8,5,9,11,3,1,2,0,0,49,19,80,0,4,0,1,0,1,0,1,0,0,0,0,10,0,0,0,0,11,0,0,182,6,6,94,3,29,17,1,23,5,0,9,0,7,0,5,14,2,0,3,0,0,1,43,0,0,7,0,33,0,0,12,1,0,0,1,0,17,0,0,0,27,79,13,76,0,12,2,0,1,286,0,0,5,3,7,10,0,0,1,1,2,15,11,2,13,3,0,18,1,1,1,5,0,0,0,25,0,38,0,0,0,0,0,18,0,0,0,0,0,0,68,5,0,3,142,0,0,4,4,27,47,0,1,0,0,173,1,50,5,1,2,0,2,1146,0,1,0,88,0,51,7,4,2,0,1,1,3,50,1,0,0,0,0,1,0,1,3,90,0,810,0,14,0,0,2,0,5,10,2,2,0,72,0,0,8,2,0,65,91,163,0,4,0,97,0,1,0,12,0,5,21,0,25,6,13,1,0,14,252,8,2,0,1,1,2,9,44,14,0,39,1,32,28,4,8,30,7,1,5,3,2,0,0,0,0,0,3,0,2,40,13,1,1,0,132,18,0,8,22,0,2,0,1,1,16,9,0,37,9,4,0,0,0,5,7,0,2,2,1,1,0,2,0,0,0,6,45,0,8,13,1,57,0,0,2,1,1,0,0,0,0,0,3,0,58,12,5,0,68,0,0,0,0,0,0,14,73,0,2,1,1,0,0,0,0,1,1,0,0,58,0,60,4,1,0,0,0,0,0,0,8,126,2,0,0,0,0,35,2,32,0,116,4,0,4,3,0,3,0,5,0,12,1,1,0,80,30,5,0,0,0,15,0,10,0,3,27,0,4,9,1,0,2,1,0,0,4,5,0,0,2,3,2,0,772,3,1,263,2,2,19,0,1,1,4,2,3,7,4,18,14,0,3,0,0,9,15,3,3,0,2,0,0,0,1,0,0,1,6,1,88,1002,9,1,19,14,2,3,1,91,7,0,3,3,0,0,0,22,1,13,1,1,1,4,4,0,0,43,2,0,0,4,0,1,2,0,0,0,0,0,118,0,2,4,7,0,206,0,1,1,11,173,64,3,8,7,60,16,14,5,3,13,3,1,0,15,968,0,0,9,0,5,0,0,0,0,3,0,3,76,0,0,6,0,6,22,0,0,0,4,0,6,3,119,2,38,12,0,2,0,0,35,1,0,2,0,38,0,60,0,0,0,9,3,9,0,2,44,4,2,78,0,0,13,1,38,2,1,7,0,0,2,0,0,3,1,0,10,7,15,0,2,1,2,0,0,0,109,5,0,0,2,0,0,0,3,56,0,0,1,1,20,29,0,0,0,10,0,0,0,2,0,0,5,153,4,4,2,4,2,6,2,2,0,511,4,0,0,0,21,0,0,8,2,73,0,0,0,12,0,0,0,9,3,8,0,0,2,6,19,0,0,33,730,0,0,4,2,17,78,90,3,0,1,0,13,3,46,5,1,114,2,0,0,103,4,0,0,2,1,0,9,5,0,8,940,1,11,0,1,0,23,2,0,0,1,1,73,1,1,0,0,0,10,3,0,0,48,15,0,2,0,0,2,5,0,1,0,31,17,3,4,14,0,0,1,0,3,2,0,6,3,0,14,0,3,12,10,1,0,0,224,0,1,7,1,0,1,4,0,6,0,0,0,0,0,0,0,3,0,0,0,0,2,0,6,0,28,0,6,1,2,0,0,0,1,0,0,67,0,6,15,0,1,0,0,4,49,156,42,5,0,0,4,3,63,1,280,556,4,0,6,4,3,12,0,0,3,0,2,7,2,0,9,3,32,14,1,1,0,8,621,9,2,1,9,0,2,0,6,1,1,0,8,4,1,0,18,2,9,0,1,3,0,1,52,0,1,3,0,1,2,0,0,0,17,0,17,0,0,0,0,3,0,0,0,25,17,12,0,0,39,0,0,0,4,0,10,2,0,0,0,81,0,3,0,0,0,1,0,0,21,59,0,3,0,4,3,2,4,0,1,0,182,2,106,626,263,0,3,0,0,1,3,1,22,36,2,0,0,0,36,0,0,4,0,97,18,0,1,7,12,13,2,3,0,0,0,1,1,2,0,1,21,6,0,8,1,0,3,3,0,2,49,3,1,0,2,8,101,6,6,50,150,1
SRR28636384,0,0,0,228,0,0,0,0,15,0,0,0,1,0,1,0,4,966,3,4,0,0,1,0,6,16,2,0,0,3,0,0,1,12,0,0,6,0,0,0,2,0,0,4,35,0,3,5,0,0,1,1086,0,3,0,0,2,4,110,0,4,0,0,2,1,1,0,0,1,0,0,0,10,0,0,0,4,0,2,0,0,0,0,0,1,31,0,1,2,15,2,70,0,0,0,24,1,0,4,2,3,0,13,0,0,0,0,0,2,4,0,0,0,0,0,1,1,0,28,2,0,11,0,0,0,0,4143,0,0,0,0,5,4,0,0,0,4,1,8,0,440,0,0,10,0,0,0,315,0,3,0,0,55,0,0,0,4,3,0,42,0,11,0,104,12,0,41,3,3,0,45,24,1,0,123,0,0,0,2,2,0,0,5,9,10,112,1,7,0,19,3,1,4,0,15,0,0,7,0,38,0,1,44,0,1,0,8,0,0,39,7,0,6,1,25,1,1,0,107,2,0,0,0,0,1,0,14,0,2,0,0,1,11,1,4,0,0,32,142,0,0,17,3,4,0,4,0,0,0,0,0,1,21,61,0,1,0,0,0,2,0,0,0,0,0,0,3,0,0,1,1,12,0,0,55,2,0,57,1,20,0,0,37,10,0,2,0,0,0,1,10,1,0,0,0,0,0,22,0,0,1,0,19,0,3,4,0,0,0,0,5,12,0,0,0,9,71,2,76,0,11,7,2,0,95,0,0,0,3,17,1,0,0,0,3,35,5,7,0,9,2,0,9,1,3,0,0,0,1,0,20,0,37,0,0,0,0,0,6,0,0,0,0,0,0,25,1,0,1,34,0,0,8,1,18,39,0,9,0,0,1,0,31,6,0,0,3,0,810,6,3,1,173,0,24,33,2,0,0,0,0,2,17,0,0,2,0,0,7,0,2,6,133,0,363,0,9,0,0,2,0,1,2,0,0,0,21,0,0,5,0,0,15,26,35,0,2,0,21,1,1,0,2,0,4,6,0,16,1,1,1,0,0,76,11,0,3,0,0,1,1,5,0,1,64,1,8,3,0,7,18,1,0,5,0,1,0,0,0,0,0,11,0,2,11,1,0,2,1,42,8,2,0,9,0,0,0,0,0,2,2,0,66,4,4,0,0,0,4,1,0,0,0,0,5,0,0,1,0,0,1,15,0,9,23,2,4,1,1,0,0,0,1,0,0,0,1,1,0,48,3,1,0,34,0,0,0,1,0,0,0,22,0,1,0,0,0,1,0,0,1,0,1,0,32,0,13,6,0,0,0,0,0,0,0,0,56,7,1,0,0,0,11,1,10,0,42,0,0,0,2,0,0,0,0,0,0,0,0,0,78,8,1,0,0,0,2,0,2,1,0,12,1,3,4,0,0,0,0,0,0,2,9,0,0,1,3,1,0,225,2,0,74,0,1,13,0,0,3,0,0,1,53,1,7,23,0,0,0,0,0,9,2,6,0,8,0,0,0,2,0,0,0,1,0,58,478,5,0,5,34,1,2,0,68,1,1,0,0,0,0,0,6,0,9,0,0,0,0,0,0,0,20,0,0,0,7,1,1,2,2,0,0,1,0,76,2,8,9,16,0,7,0,0,1,7,115,35,2,31,6,24,11,3,33,0,5,2,0,0,15,737,0,0,3,0,3,0,0,1,0,0,0,0,31,0,1,0,0,3,18,0,0,0,4,0,2,0,80,6,12,0,0,5,3,0,19,0,0,0,0,16,0,50,0,0,1,4,0,3,0,1,8,0,1,33,1,0,5,0,6,0,0,3,0,0,0,2,0,0,0,0,61,2,0,0,1,0,0,0,0,1,34,0,1,0,1,1,0,0,0,17,0,0,2,0,0,3,1,0,0,5,0,2,2,0,0,0,1,47,8,2,0,0,0,0,5,0,0,246,4,3,0,0,37,0,0,1,0,28,0,0,0,4,3,0,0,5,0,56,0,0,1,3,7,4,0,7,372,1,0,1,0,0,36,44,2,0,3,0,10,3,11,3,1,25,0,0,0,67,8,0,0,0,1,2,1,24,0,7,257,0,0,0,0,0,3,0,1,0,0,0,58,0,0,0,0,0,2,1,2,1,28,5,0,1,0,0,0,0,0,2,0,5,9,6,2,7,0,2,0,1,2,0,0,47,2,0,14,0,0,2,1,1,0,0,56,0,0,1,0,0,0,2,2,0,0,0,0,0,0,0,0,3,0,0,0,0,0,5,2,2,9,0,3,2,3,0,0,0,5,0,0,36,0,6,5,0,0,0,0,0,10,54,22,0,0,0,1,5,19,0,179,705,1,0,2,0,0,0,0,0,4,0,0,0,1,0,2,0,6,1,0,0,4,7,353,5,0,0,1,0,3,0,0,0,0,0,49,3,0,0,0,3,3,0,0,0,0,0,6,0,4,4,0,0,2,0,0,0,0,0,9,0,0,0,0,3,1,0,0,16,21,0,0,0,43,0,0,0,7,0,10,58,0,0,0,98,8,0,0,0,0,0,1,0,8,173,0,1,0,0,2,3,0,0,1,0,52,0,59,695,316,0,0,0,2,0,1,5,13,6,0,0,0,0,2,0,0,1,0,46,14,0,0,3,4,6,3,0,0,1,0,0,2,0,0,0,1,16,0,5,2,15,1,1,1,4,10,2,0,0,0,0,54,0,2,20,10,0
SRR28956463,0,0,0,533,0,0,0,0,0,0,0,4,0,0,0,0,3,19,0,0,0,4,0,1,9,38,1,3,0,6,0,0,3,1,2,0,18,0,0,0,0,1,0,12,10,2,0,2,0,0,0,997,0,5,0,0,22,0,227,0,4,0,1,0,0,0,3,3,0,1,0,10,1,0,1,0,3,0,4,0,2,1,0,0,0,6,0,4,3,2,0,91,0,0,0,54,1,0,18,0,0,1,5,0,0,0,1,0,0,0,0,2,0,0,1,11,2,0,7,0,0,11,0,0,1,0,3606,0,0,0,0,3,6,1,0,0,7,3,0,0,303,2,0,7,0,3,0,253,1,0,0,0,16,0,0,0,1,4,0,65,0,4,0,185,80,1,91,2,0,1,21,7,1,0,149,0,0,0,3,0,4,6,0,12,1,198,1,7,0,26,7,1,15,0,14,0,0,0,0,45,0,1,56,0,3,0,5,0,0,40,8,0,14,0,43,0,0,0,60,1,0,0,1,0,0,2,14,0,11,6,0,0,0,1,8,0,0,10,56,0,0,0,0,1,2,9,0,0,1,0,0,7,20,74,0,4,0,1,0,1,0,0,0,0,1,0,7,0,0,0,1,27,0,0,100,2,2,155,4,23,0,1,33,11,0,1,0,3,0,1,17,0,0,0,0,1,1,45,0,4,1,0,11,0,1,8,1,0,0,1,0,4,0,0,0,17,49,8,71,0,6,7,0,0,193,5,0,6,4,3,9,0,0,0,1,0,8,3,1,8,0,0,10,0,4,1,0,2,1,1,52,2,42,0,0,0,0,0,27,11,0,2,0,1,0,49,4,0,13,84,1,0,5,17,53,12,0,4,1,0,0,0,13,0,0,0,5,4,873,1,3,0,146,0,46,9,2,0,0,0,0,1,16,4,0,0,0,0,3,0,0,1,236,0,436,1,11,0,0,1,0,7,10,0,4,0,59,0,1,6,0,0,48,33,125,1,0,0,47,0,6,0,6,0,8,19,0,21,0,9,0,0,2,167,21,0,0,4,0,1,0,3,1,2,24,0,16,1,1,1,6,0,0,6,3,0,0,0,0,0,1,35,0,4,18,4,0,9,1,76,8,0,5,10,1,0,0,0,0,11,10,0,16,3,19,0,0,0,2,2,0,0,0,1,8,0,1,0,0,0,2,21,0,16,13,2,0,0,8,0,0,0,2,0,1,0,1,0,0,58,6,0,0,24,2,0,0,0,0,0,6,48,0,1,1,3,11,0,1,0,2,0,2,1,65,0,2,6,1,1,1,1,0,0,0,6,29,6,1,0,0,0,28,1,26,0,114,1,0,9,3,0,0,0,0,1,1,0,0,0,78,4,5,0,0,0,6,0,1,0,2,9,0,0,4,9,0,4,1,1,3,1,11,0,0,0,0,7,0,520,2,0,106,0,0,14,0,0,2,0,0,2,11,1,7,40,0,0,0,0,1,6,4,0,0,2,0,0,2,1,0,0,0,2,1,56,1034,6,0,12,27,0,1,0,63,3,0,0,5,0,0,0,6,0,2,0,0,0,0,1,0,0,39,3,0,0,3,0,0,0,0,0,1,0,0,54,0,3,17,3,0,7,0,0,0,4,130,44,1,5,4,32,8,13,15,1,5,3,4,0,17,696,0,0,7,0,1,0,1,1,3,5,0,0,52,2,0,0,0,3,11,0,0,1,7,0,3,0,191,1,22,0,0,5,0,1,61,0,0,0,0,18,1,70,0,14,0,4,0,3,0,4,23,1,1,53,0,0,9,0,17,0,0,9,0,0,1,0,0,0,0,1,24,15,4,0,0,0,0,0,0,0,46,0,0,0,0,0,0,0,0,26,1,2,0,0,7,11,0,0,3,10,1,0,0,7,0,0,7,68,5,2,3,0,5,2,3,0,0,248,1,2,0,0,17,0,0,3,5,29,0,0,0,8,5,0,1,10,2,2,0,0,3,11,3,2,0,31,462,1,0,1,2,1,98,73,0,2,2,5,37,4,41,1,12,69,1,0,2,61,3,0,1,0,0,0,1,28,0,3,763,1,3,0,0,0,16,1,0,0,5,0,94,0,0,0,0,0,10,2,5,0,26,13,0,0,0,2,0,2,0,2,0,34,10,8,12,11,0,0,1,6,0,6,0,3,2,0,20,0,4,12,3,2,0,0,117,0,0,10,4,0,0,2,1,0,0,0,0,0,0,0,0,3,0,3,0,0,0,7,0,3,6,0,4,4,0,0,0,0,0,0,0,11,0,8,5,0,0,0,0,0,9,34,30,0,4,0,8,3,40,0,180,486,1,3,4,0,1,1,0,0,9,0,3,0,2,0,6,0,3,11,1,0,0,5,468,5,0,0,9,0,9,0,0,12,0,7,50,5,1,0,0,0,2,1,0,0,1,0,29,2,1,4,0,1,0,0,0,1,5,1,8,0,1,2,0,2,0,0,0,68,1,8,1,0,15,0,0,0,0,0,17,4,0,0,0,88,1,0,0,4,0,1,0,0,10,40,0,3,0,1,3,1,1,2,0,1,120,0,41,1350,160,1,2,0,0,10,0,2,8,46,2,0,0,0,5,0,0,0,0,85,14,0,0,5,9,13,4,0,1,3,0,1,0,0,0,1,3,0,0,7,0,1,0,7,0,14,6,8,0,1,0,13,170,0,2,23,19,0
SRR28636380,0,1,0,740,0,1,1,0,3,0,2,3,0,0,0,1,4,39,1,0,1,7,0,0,5,85,3,1,1,10,1,0,1,9,0,1,22,2,0,0,0,0,0,18,26,5,2,11,0,0,0,1108,0,14,0,0,0,0,519,2,0,0,0,0,0,0,1,2,0,1,0,3,3,0,3,0,5,1,3,0,4,0,0,0,0,7,0,4,1,5,4,108,1,0,0,94,3,0,19,4,0,2,1,0,0,0,0,0,3,1,0,0,1,0,0,7,6,0,11,3,0,14,0,1,0,2,3264,0,0,0,0,10,7,0,0,0,2,1,0,0,312,0,0,7,2,0,0,260,0,0,0,0,35,4,0,0,5,1,1,111,1,13,0,408,20,1,126,2,0,0,53,15,1,0,311,2,0,0,14,0,1,9,0,22,4,302,1,4,0,31,0,0,8,0,23,0,0,4,1,51,0,4,64,4,3,0,26,1,3,40,14,0,16,0,33,0,1,0,28,9,0,0,0,0,1,1,29,0,19,1,0,1,3,3,15,3,0,16,68,0,0,1,7,2,4,17,0,0,4,0,0,9,21,99,0,0,1,5,0,0,0,0,0,0,2,1,14,0,0,0,0,25,0,1,185,2,1,84,1,30,0,0,37,2,0,10,4,0,2,1,21,0,0,2,0,1,1,55,2,3,1,0,15,0,0,11,0,0,0,0,5,11,0,0,5,28,127,2,76,0,7,7,2,0,324,3,0,7,1,4,8,0,0,0,9,6,12,12,2,21,1,0,19,1,16,1,1,2,0,1,39,2,61,0,0,0,0,0,42,1,0,3,0,1,0,93,1,0,9,198,0,0,2,3,18,4,0,4,0,0,0,0,8,2,4,2,1,0,1078,2,1,0,124,0,58,11,0,0,0,0,0,2,45,4,0,4,0,0,5,1,0,0,162,0,672,0,28,0,0,5,0,11,17,0,0,0,69,3,1,5,0,0,59,54,182,0,1,0,106,0,2,0,7,0,14,29,0,19,4,7,1,0,2,140,5,3,0,1,0,4,2,4,0,0,30,3,21,11,1,7,28,2,0,6,2,0,0,0,1,0,0,8,0,1,32,17,0,6,0,89,47,0,0,15,0,0,0,0,0,15,17,1,34,5,6,0,1,1,3,5,2,0,0,2,6,0,0,1,0,0,4,17,0,3,16,1,1,0,1,0,0,0,0,0,0,0,0,0,0,54,9,2,0,34,0,0,0,0,0,1,3,66,0,2,2,3,0,0,0,0,1,1,2,1,74,1,5,6,1,1,0,0,0,0,0,16,52,7,0,1,0,0,47,0,27,0,179,5,0,2,9,0,8,0,0,1,12,0,0,0,112,5,1,0,0,0,11,3,7,3,4,14,0,4,3,9,1,1,0,0,0,1,7,0,0,1,0,2,0,849,1,1,174,1,1,25,0,0,2,1,1,4,2,0,12,25,0,1,0,0,3,14,0,2,1,2,0,0,0,3,0,1,0,5,0,122,842,15,0,15,43,1,0,0,125,13,0,4,1,2,0,0,6,0,6,0,0,0,0,2,0,0,48,2,0,0,6,0,0,0,3,0,0,0,0,118,0,1,2,10,0,4,0,1,2,6,276,77,8,11,3,39,16,9,2,0,3,10,0,0,23,679,1,0,10,1,1,3,0,0,0,5,0,1,24,2,0,0,1,9,8,2,0,0,9,1,2,5,63,4,68,0,0,2,0,0,48,1,2,0,0,79,0,54,1,4,1,2,0,9,0,8,69,0,2,66,0,0,15,0,42,0,3,7,0,1,1,0,0,2,3,0,22,5,2,2,0,1,3,0,1,3,118,0,0,0,1,0,0,0,0,73,0,1,1,1,4,18,0,0,0,10,1,1,0,1,0,0,2,127,1,5,9,8,1,2,0,0,0,399,3,0,1,0,19,0,0,4,0,49,0,1,5,12,2,0,0,27,4,5,0,0,4,15,16,2,0,36,587,3,0,4,3,6,91,120,2,1,3,2,28,7,49,3,2,113,2,0,5,69,14,0,3,0,0,0,3,19,0,2,892,0,2,1,0,0,34,0,0,1,0,0,51,0,0,1,0,3,15,2,2,0,34,6,0,1,0,0,0,1,2,2,0,13,29,3,3,10,1,2,0,1,2,0,1,0,2,0,20,1,5,7,7,2,0,0,211,0,0,6,4,1,0,2,1,0,0,0,0,0,0,0,2,1,0,5,0,0,0,4,0,1,13,2,0,0,1,0,0,0,0,2,1,12,0,2,28,0,0,0,0,0,22,25,15,0,1,0,3,3,57,0,341,791,12,0,11,0,3,0,0,1,9,0,0,0,0,0,10,0,1,16,0,0,0,4,727,8,0,0,2,0,0,0,0,7,0,1,14,11,0,2,0,7,4,0,2,5,0,0,54,0,1,6,1,1,3,0,0,0,1,0,20,0,1,2,0,0,2,0,0,31,3,8,1,0,29,0,0,0,0,1,27,2,0,1,6,78,0,1,0,0,0,0,0,0,19,97,1,10,0,0,3,2,0,0,0,0,138,0,107,794,232,1,1,1,2,3,3,11,28,54,0,0,0,0,25,0,0,0,0,147,11,0,0,9,23,4,5,2,0,1,0,3,5,3,1,0,12,0,0,1,0,5,1,12,0,10,7,4,0,0,0,18,195,0,4,62,12,0
SRR23872594,0,0,0,607,1,0,1,54,11,0,0,8,0,3,2,0,6,43,3,2,0,2,0,0,8,59,0,2,0,18,8,0,0,1,0,0,20,1,4,0,1,0,10,12,43,2,0,10,0,0,1,1164,2,2,1,0,6,2,236,0,1,0,0,0,0,0,3,3,0,1,0,12,0,1,0,0,8,0,6,0,0,0,3,0,0,5,1,5,1,3,29,89,0,0,0,76,0,0,10,5,4,0,14,0,0,1,0,0,0,8,0,4,5,0,0,11,6,0,36,19,1,15,0,0,0,0,3154,0,0,0,0,2,2,4,0,2,1,4,1,1,330,0,0,6,0,0,2,182,0,1,0,0,10,2,0,0,10,3,0,69,0,18,0,194,17,2,76,3,0,2,92,18,0,1,234,1,1,0,7,1,0,8,2,7,14,198,1,11,1,19,3,1,8,0,39,0,1,9,0,55,0,1,67,0,0,1,18,0,4,61,3,0,5,0,30,2,0,0,35,2,0,1,0,0,1,0,12,2,11,6,0,0,5,2,5,0,0,35,49,0,0,2,1,7,9,10,0,0,1,0,0,10,24,85,0,0,0,5,0,2,0,0,0,0,0,0,11,0,0,0,0,19,0,2,127,3,11,137,0,20,4,0,19,1,0,6,0,5,0,2,32,1,1,0,0,1,0,32,0,4,4,0,17,0,1,8,0,0,0,0,9,8,0,1,3,21,91,9,56,0,3,2,1,0,178,1,0,4,1,3,12,0,0,0,6,4,6,11,0,8,0,0,14,1,5,1,2,4,0,1,9,0,27,0,0,2,0,0,21,0,1,0,0,2,0,64,2,0,4,93,0,0,4,2,24,17,0,0,0,0,36,1,49,2,3,0,0,1,1027,0,0,0,85,0,83,4,1,0,0,0,0,3,48,2,0,0,0,1,4,2,9,1,137,1,1169,0,16,0,0,4,1,2,12,1,1,0,50,0,0,14,3,0,20,45,89,0,4,0,53,3,7,0,2,0,9,24,0,15,2,5,1,0,8,215,2,0,0,3,1,0,1,138,3,0,40,1,7,25,2,6,22,4,0,4,0,0,2,1,0,0,0,7,1,2,26,8,0,1,0,97,22,3,1,10,0,0,2,0,0,7,7,0,37,5,18,0,0,0,7,4,0,0,0,2,4,0,0,0,0,0,2,21,0,5,13,2,11,0,0,0,0,0,0,0,1,0,1,2,0,69,5,0,0,30,0,0,1,0,0,0,4,55,0,0,1,0,2,0,3,0,0,1,1,1,54,0,37,3,1,0,0,0,0,0,0,10,135,1,0,0,0,0,11,1,28,0,76,2,1,10,7,0,1,0,23,0,8,1,0,0,83,20,2,0,1,0,12,1,5,1,4,9,1,1,11,3,1,3,0,0,2,0,13,0,0,8,0,2,0,497,8,2,168,4,1,15,0,0,5,11,0,5,6,1,13,16,0,0,0,0,8,6,0,5,0,1,0,0,0,1,0,2,0,1,4,57,954,19,0,22,52,4,1,0,57,3,0,1,0,0,0,0,9,0,9,2,0,0,1,12,0,0,31,1,0,0,2,0,0,1,0,0,0,0,0,93,1,1,6,10,0,1009,0,0,3,4,154,56,3,30,8,52,15,11,0,2,4,1,1,2,30,736,0,0,5,0,11,0,0,0,0,0,0,0,100,5,0,2,1,2,23,0,0,0,6,0,7,1,166,4,30,2,0,8,1,0,41,0,2,0,0,41,5,68,1,2,1,0,0,13,0,4,28,0,0,60,0,0,11,0,19,0,0,7,0,0,0,0,0,0,1,0,22,9,17,0,0,0,2,0,0,0,73,3,0,0,0,0,0,0,0,31,0,0,0,4,17,11,0,0,0,4,3,0,0,2,0,0,7,91,0,3,2,0,2,1,5,0,0,411,8,0,0,0,12,0,0,1,0,61,1,0,0,9,2,0,0,4,4,4,0,0,4,10,9,0,0,30,525,0,0,5,0,9,85,208,5,0,8,1,20,4,32,2,0,77,1,2,0,81,6,0,1,0,2,0,17,6,0,9,881,0,5,1,0,0,14,1,0,0,0,0,69,0,2,0,0,0,10,10,0,0,24,7,0,0,0,0,0,1,0,1,0,19,14,0,3,12,0,0,2,3,4,2,0,8,5,0,15,0,2,10,5,0,0,0,134,0,0,4,2,0,0,3,0,14,1,0,0,0,0,0,0,5,0,0,0,0,0,0,3,0,8,0,2,0,0,1,0,0,0,2,3,82,0,3,8,0,0,0,0,10,36,403,16,13,0,0,3,3,39,0,162,580,0,1,6,1,0,28,0,0,2,0,0,16,1,0,3,0,23,10,1,0,2,7,461,3,4,0,7,0,3,0,3,3,1,0,2,8,2,0,2,12,9,0,1,2,1,0,30,0,2,8,0,0,0,0,0,0,4,0,17,0,2,0,0,6,1,1,2,18,11,5,0,0,29,0,0,0,0,0,22,12,1,0,0,73,0,2,0,0,1,0,0,0,19,47,0,1,0,1,1,3,4,1,0,2,162,0,73,656,233,1,6,0,0,7,0,4,10,31,0,0,0,0,15,0,0,1,0,97,14,0,0,6,18,7,2,0,0,1,4,1,0,4,0,1,13,1,0,3,2,2,0,7,0,8,34,1,0,2,3,5,109,0,6,28,85,0
SRR28636383,0,0,0,438,1,1,1,0,4,0,0,3,0,0,2,0,5,50,1,3,0,3,2,1,11,67,3,3,0,9,2,0,0,12,0,1,17,5,0,0,0,0,0,10,1,2,4,4,0,0,1,811,0,12,0,0,2,0,312,0,4,0,0,0,0,0,4,2,0,0,0,7,10,0,1,0,0,0,1,0,0,0,0,0,0,4,0,3,0,3,3,76,3,0,4,70,0,1,18,5,3,2,5,0,0,0,1,0,2,0,0,0,0,0,1,7,4,0,14,3,0,8,0,1,0,0,3597,0,0,0,0,10,4,0,0,2,2,0,3,0,422,0,0,21,0,0,0,269,0,1,0,0,8,2,0,0,2,2,0,74,1,9,2,271,25,0,86,4,0,0,28,5,4,0,243,0,1,0,1,0,3,6,2,15,7,191,3,9,0,39,2,0,5,0,6,0,0,10,0,76,0,0,70,0,0,0,21,4,1,28,12,0,5,0,24,0,0,0,30,15,0,2,0,0,1,1,17,0,9,9,0,6,9,0,24,1,0,9,75,1,0,0,3,0,0,20,0,2,1,2,2,9,22,63,0,0,4,2,0,0,0,0,0,0,0,1,6,0,0,0,1,19,0,1,126,2,0,112,4,24,0,1,27,3,0,9,0,0,0,3,18,0,0,1,0,1,0,32,0,0,1,0,21,0,1,9,0,0,0,2,1,17,0,0,2,21,75,5,83,2,5,3,1,0,229,2,0,2,2,4,6,0,0,0,5,3,8,6,1,8,1,0,12,0,9,1,1,1,0,0,17,0,39,0,0,0,0,0,21,3,0,0,0,1,0,54,5,0,7,147,0,0,5,3,12,19,0,2,1,0,1,0,13,1,0,0,0,0,798,2,1,0,144,0,43,14,0,1,0,0,0,5,25,0,0,0,1,0,2,2,0,5,247,0,435,0,24,1,0,0,0,5,3,2,1,1,62,0,2,2,1,0,43,20,140,0,4,0,66,1,4,1,3,0,19,13,0,7,0,4,0,0,0,166,1,0,1,2,0,8,1,2,0,0,15,5,12,0,0,1,25,2,2,3,1,0,0,0,0,0,0,6,0,16,13,6,1,3,1,123,22,0,0,4,0,0,0,0,0,16,5,0,16,4,7,1,0,0,5,7,0,0,0,1,7,0,0,0,0,0,4,15,0,4,14,0,1,0,3,0,0,1,0,0,0,0,0,1,0,98,9,0,0,26,0,0,0,0,0,0,1,75,0,0,1,3,0,0,0,1,2,0,0,0,83,1,7,0,0,0,0,1,0,1,0,6,25,2,0,0,0,1,7,0,43,1,121,0,0,2,4,1,1,0,0,0,5,0,0,0,82,7,6,0,0,0,6,0,1,5,0,12,0,1,1,6,0,0,1,0,0,2,28,0,0,0,2,2,1,617,0,0,137,1,1,12,0,0,7,0,0,2,13,0,9,37,0,1,0,0,3,14,1,3,0,0,0,0,0,11,0,0,0,0,1,71,1016,3,0,17,60,0,2,0,42,11,0,3,0,0,0,1,7,0,5,0,0,0,0,1,0,0,67,3,0,0,3,0,1,1,0,0,0,0,0,54,0,4,5,50,0,10,0,2,0,5,167,60,8,9,0,25,23,5,3,0,4,13,0,0,11,643,0,0,8,0,5,5,0,0,0,1,0,0,50,0,1,1,0,5,7,0,0,0,7,0,2,0,102,6,40,0,0,4,1,0,49,0,3,0,0,38,2,65,1,2,1,3,2,8,0,2,30,1,2,74,1,0,0,0,28,0,1,10,2,0,0,0,0,1,0,0,36,6,0,0,0,0,4,0,0,1,74,0,1,0,0,0,0,0,1,49,0,2,0,0,5,3,0,0,0,7,0,1,0,4,0,0,3,95,0,3,5,2,3,4,7,0,0,356,2,0,0,0,26,0,0,4,4,12,0,0,0,4,1,0,0,9,1,3,0,0,1,12,3,2,0,27,441,0,0,6,1,2,82,96,1,0,1,2,39,2,38,0,0,87,2,0,0,53,2,0,0,1,0,2,3,3,0,1,809,0,4,0,0,0,12,1,0,1,1,0,70,0,3,0,0,1,6,5,2,0,19,9,0,0,0,0,0,0,2,1,0,17,7,0,4,7,0,0,1,0,18,0,1,12,4,0,20,0,2,5,8,2,0,0,95,0,1,10,2,0,0,6,0,0,0,0,5,0,1,0,0,0,0,5,1,0,0,0,3,5,6,0,1,0,5,0,0,0,0,0,0,10,0,1,6,0,0,0,0,1,8,46,150,0,2,0,3,2,43,0,176,490,7,0,10,0,0,2,0,0,9,0,1,0,0,0,3,2,3,11,5,0,0,9,585,20,1,0,0,0,0,0,0,2,0,1,15,11,2,1,0,14,17,0,4,1,0,0,18,0,1,3,1,1,1,0,0,0,2,0,3,2,5,1,2,3,0,0,0,50,4,8,5,0,24,0,0,0,0,0,20,31,0,0,0,102,1,0,0,0,0,0,0,0,17,25,0,4,0,0,4,3,0,0,2,0,115,0,36,871,128,0,0,1,3,3,1,6,16,52,0,0,0,0,6,0,0,1,0,77,12,0,0,9,10,9,6,1,0,0,0,0,4,4,0,1,15,4,0,0,1,3,0,6,0,9,16,3,0,0,0,2,146,0,5,34,8,1
SRR28956462,0,0,0,622,0,2,1,0,4,0,2,8,2,0,0,0,14,19,3,1,2,0,0,2,11,48,2,7,1,17,0,0,0,5,0,3,6,0,0,0,2,0,0,14,15,1,1,14,0,0,0,1255,0,9,0,0,19,0,277,0,4,0,0,1,0,0,6,3,1,2,2,4,2,0,1,0,2,0,7,0,0,0,0,0,0,6,0,2,0,9,2,57,1,0,0,85,2,0,14,1,2,0,33,0,0,0,0,1,1,1,0,2,0,0,0,17,1,0,45,0,0,9,0,0,0,0,3037,0,0,0,1,4,1,0,0,0,2,0,1,0,266,0,2,4,0,0,1,223,1,0,0,2,42,0,1,0,1,3,0,68,0,12,0,195,78,2,84,5,0,0,48,8,5,0,181,3,0,0,4,2,6,6,1,8,5,224,0,5,0,17,7,0,14,1,11,1,3,4,1,52,0,2,57,0,8,1,9,2,2,49,5,0,8,0,38,2,0,1,70,3,5,0,5,0,0,0,17,0,23,4,0,2,4,0,9,1,0,15,48,0,0,0,1,3,4,4,0,0,3,0,2,8,17,83,0,1,3,0,0,0,1,0,0,0,4,1,8,0,0,0,1,19,0,0,84,4,6,81,4,21,0,0,33,19,0,9,1,6,0,1,21,0,0,0,2,2,0,33,0,2,2,0,11,1,3,7,0,0,0,0,0,12,0,0,1,22,63,6,49,0,6,8,1,0,145,2,0,11,4,9,8,4,1,0,1,1,7,4,0,5,0,0,12,1,0,2,1,0,0,1,41,0,23,0,0,0,0,0,24,7,3,0,0,0,0,59,9,0,10,113,1,0,12,10,65,11,0,3,0,0,11,0,4,4,1,0,5,10,814,4,14,0,108,0,65,21,3,1,0,0,2,5,32,4,0,2,1,0,2,2,0,1,165,0,608,0,5,0,0,5,0,14,10,0,9,0,60,1,1,4,1,0,64,33,132,0,0,1,79,0,4,0,4,0,7,28,1,22,3,7,0,0,2,110,34,3,0,2,0,1,0,8,0,1,28,2,11,24,7,2,10,4,0,3,3,0,1,0,0,2,1,17,0,9,21,9,1,10,0,65,6,0,1,17,0,0,0,1,0,3,9,0,15,3,10,0,0,0,0,3,0,0,0,0,0,0,0,1,0,0,0,21,0,14,11,1,2,0,8,0,1,1,2,0,1,0,0,2,1,48,13,3,0,32,0,0,1,1,1,0,4,44,0,0,1,3,11,0,0,0,12,0,2,1,48,0,12,6,5,0,0,0,0,0,0,7,67,4,1,0,0,0,28,1,20,0,118,1,0,7,3,0,2,0,3,4,2,0,0,0,82,13,2,0,0,0,8,0,11,3,2,20,1,5,2,2,3,10,0,0,0,0,13,0,0,3,1,7,0,518,4,0,176,2,0,17,0,0,0,1,0,5,22,0,7,28,6,2,0,0,7,9,4,3,0,2,0,0,0,0,0,8,0,5,2,93,839,8,1,10,21,1,2,0,73,4,0,1,0,0,2,1,20,0,2,1,2,0,0,1,0,1,30,4,0,2,5,0,1,0,0,0,1,0,0,96,0,2,20,3,0,6,0,0,3,4,102,49,6,12,7,22,17,15,56,2,18,12,0,0,23,629,0,0,8,0,1,0,2,1,0,2,0,0,119,0,1,1,1,12,11,0,0,1,5,1,1,0,237,3,26,0,0,9,1,1,31,0,1,5,0,18,3,82,1,6,0,6,1,6,0,8,24,2,2,69,1,0,10,0,18,1,0,12,0,0,0,0,1,0,0,1,23,17,0,0,1,1,10,0,0,1,54,0,0,0,3,0,1,0,2,21,1,0,2,3,7,7,0,1,2,3,0,3,0,3,0,0,21,98,8,1,3,6,0,5,2,0,1,285,6,6,1,0,16,0,0,2,5,27,0,1,4,6,5,0,0,13,0,5,0,0,4,5,8,0,0,37,504,0,0,0,4,6,66,60,7,0,0,2,60,14,33,1,8,51,3,0,1,50,3,0,0,0,0,0,0,63,0,11,815,0,9,0,0,0,19,3,2,1,0,1,70,0,4,0,1,2,10,19,0,0,55,13,0,1,0,0,3,6,2,5,0,54,13,7,4,14,2,2,5,9,1,5,1,4,0,0,9,1,7,8,5,7,0,0,166,1,0,5,3,0,0,1,2,0,2,0,0,0,0,0,3,1,0,0,3,0,0,7,0,1,4,0,2,16,0,1,0,0,0,0,0,22,0,2,9,0,0,0,1,0,19,23,39,5,0,1,3,2,35,1,217,767,10,0,6,3,1,0,0,0,7,0,2,0,6,1,6,0,4,11,2,0,0,4,428,13,0,0,8,2,7,0,0,7,0,6,107,2,1,0,1,1,1,0,0,4,1,0,43,0,1,14,0,1,0,0,0,3,5,2,10,0,4,1,0,2,0,2,4,65,1,6,1,0,53,0,0,0,0,0,20,1,0,2,1,69,0,4,0,0,0,0,1,0,9,79,0,3,0,1,4,3,5,1,0,0,100,1,73,1207,249,2,0,0,2,10,0,4,15,31,0,0,1,0,22,0,0,1,0,85,11,1,0,3,19,12,0,2,0,3,0,1,0,2,0,0,6,0,1,4,0,0,1,16,0,11,41,4,0,0,0,4,164,2,3,18,31,1
SRR23872593,0,1,1,610,1,0,0,12,11,0,0,1,0,0,0,0,2,48,1,0,1,1,0,0,11,44,1,3,0,17,1,0,1,1,0,0,8,5,1,1,1,0,4,12,11,2,4,1,0,1,1,1225,0,4,0,0,9,0,243,0,0,0,0,0,0,0,4,0,1,0,0,6,0,0,1,0,3,0,1,0,4,0,1,2,1,10,0,1,2,6,16,88,0,0,1,101,0,0,16,3,0,0,9,0,0,1,0,0,0,2,0,2,1,0,0,12,4,1,67,3,0,13,0,0,1,2,3331,0,0,0,0,2,3,1,0,1,4,3,4,0,378,0,2,10,0,0,0,271,0,0,0,0,10,1,0,0,9,5,0,87,3,7,2,247,21,1,100,7,3,0,66,25,0,0,257,0,2,0,7,3,4,7,3,6,2,225,0,10,1,24,1,0,4,1,34,0,1,4,0,52,0,1,61,0,2,0,14,0,4,68,9,0,6,0,37,0,1,1,53,16,0,1,0,0,0,2,17,0,24,1,0,0,3,0,12,0,0,16,40,0,0,1,1,1,5,15,0,1,1,0,0,17,26,63,0,3,0,4,0,1,0,0,0,0,0,0,8,0,0,0,0,22,0,0,176,3,2,129,5,24,22,0,17,3,1,12,2,9,0,2,15,0,0,2,0,1,0,34,0,0,6,0,22,0,1,8,2,0,0,0,3,12,0,0,1,38,103,5,81,0,8,2,0,0,234,1,0,4,2,3,22,0,1,0,4,2,12,8,2,9,1,0,24,0,1,4,2,0,0,1,23,0,48,1,0,0,0,0,21,0,0,1,0,2,2,79,3,1,11,100,0,0,10,8,34,25,0,2,1,0,42,1,25,2,2,1,2,28,989,0,0,0,124,0,104,4,8,0,1,0,0,4,50,2,0,0,0,0,3,1,0,1,126,0,510,0,23,0,0,4,0,2,13,5,6,0,59,1,0,7,0,0,53,54,103,0,1,0,80,0,2,0,9,0,5,15,0,29,1,8,0,1,4,264,4,0,0,0,0,1,0,11,12,0,35,2,19,32,0,3,19,7,0,3,0,1,0,0,2,0,1,13,0,27,31,11,2,4,0,97,9,1,3,15,0,1,0,1,0,9,7,0,32,9,17,0,0,0,2,3,0,0,0,1,4,0,0,1,0,0,0,19,0,8,9,2,13,1,3,1,3,2,0,0,0,0,1,2,0,85,12,2,0,42,0,0,0,0,0,0,5,62,0,1,0,1,2,0,1,1,1,0,1,4,73,0,27,1,0,0,0,0,0,0,0,12,70,7,0,0,0,1,14,0,27,0,119,1,0,5,5,0,0,0,2,0,5,0,0,0,72,22,2,0,0,0,12,0,5,5,3,22,0,2,15,5,0,3,0,0,0,4,13,1,0,3,3,5,0,563,8,0,169,5,0,17,0,1,1,5,0,6,2,2,17,28,0,1,0,1,5,16,0,5,0,2,0,0,0,3,0,4,0,3,5,68,956,6,0,25,31,3,2,1,72,5,0,5,2,1,0,0,14,0,14,1,1,0,2,13,0,0,45,0,0,0,4,0,0,0,0,0,0,0,0,106,1,1,3,14,0,97,0,0,3,2,224,61,5,4,4,54,15,7,0,0,4,9,0,3,29,849,0,0,10,1,5,0,0,0,0,4,1,0,96,1,0,1,0,5,14,0,0,0,12,0,5,1,205,0,45,4,0,5,2,0,52,1,0,0,0,38,3,83,1,0,0,4,0,1,0,2,27,0,1,84,2,0,17,0,17,0,0,8,0,0,0,0,0,2,0,0,21,3,16,0,3,1,0,0,0,1,77,0,0,0,0,0,0,0,1,40,0,1,0,0,14,29,0,1,1,2,1,2,0,1,2,0,6,70,0,1,5,1,0,2,3,0,0,492,10,0,1,0,24,0,0,4,0,38,0,0,1,3,0,0,0,4,2,3,0,0,2,7,4,1,0,28,591,2,0,2,0,4,70,91,6,1,0,1,20,3,32,3,1,96,5,0,1,64,7,0,2,0,0,0,8,2,0,5,765,0,5,1,0,0,16,1,0,0,0,0,71,0,2,0,0,0,10,2,3,0,32,11,0,0,0,0,3,14,1,3,0,10,13,2,11,9,0,0,2,0,6,1,1,3,0,0,20,0,6,10,4,1,0,0,192,0,0,6,2,0,0,7,1,6,2,0,0,0,0,0,1,4,0,1,1,0,0,0,3,2,5,0,1,0,1,2,0,0,0,0,0,43,0,5,12,1,0,1,0,1,16,100,27,5,0,0,5,3,36,0,197,436,3,1,8,0,3,2,0,0,10,0,1,5,2,0,3,2,12,15,1,0,0,10,504,13,2,0,1,0,1,0,1,6,0,0,4,4,0,1,0,3,5,0,2,2,0,0,34,0,0,5,0,0,0,0,0,0,9,0,17,2,1,0,0,4,0,0,1,35,6,7,1,0,19,0,0,0,0,0,15,7,0,0,0,82,1,1,2,0,0,1,1,0,12,31,0,4,1,6,3,7,2,0,0,0,166,0,84,894,251,1,4,2,1,7,4,4,22,41,0,0,0,0,18,0,1,3,0,114,17,0,0,10,18,4,0,0,0,0,0,0,3,4,0,0,12,0,0,1,1,0,0,10,0,10,58,0,0,1,0,4,186,0,5,46,37,0
SRR28636382,0,0,0,529,0,0,1,0,1,0,0,1,0,0,0,0,27,670,0,0,0,2,0,2,10,28,1,1,0,18,8,0,12,1,0,0,1,0,0,2,2,0,0,2,19,1,1,1,0,0,0,1014,0,11,0,0,2,0,36,0,0,0,0,1,0,0,0,1,0,0,0,0,3,3,2,0,13,0,2,0,0,0,4,0,1,31,0,1,0,1,7,45,0,0,0,35,2,0,3,2,0,0,0,0,0,0,0,0,0,6,0,0,1,0,0,1,1,0,12,0,0,25,0,0,0,0,3539,1,0,0,0,7,3,0,0,0,0,1,0,0,265,0,0,11,0,0,0,275,0,1,1,0,38,3,0,0,2,0,0,30,0,9,0,65,0,0,22,0,0,0,123,2,1,0,208,0,1,0,1,4,0,7,0,0,10,179,1,10,0,10,4,0,0,0,22,0,0,2,1,47,0,1,132,0,1,3,7,0,0,89,7,0,5,0,14,0,0,0,142,3,0,0,0,0,0,1,33,0,2,17,0,1,3,0,27,0,0,61,135,0,0,4,5,5,2,4,0,0,0,0,0,0,30,34,0,2,1,0,0,0,0,0,0,0,0,0,26,0,0,0,0,12,0,1,120,7,0,122,4,90,0,0,18,0,0,2,1,25,0,1,114,0,0,5,0,0,2,19,0,0,1,0,13,0,4,26,0,0,0,0,10,11,0,0,1,4,89,3,66,0,6,0,0,0,81,0,0,2,3,18,1,0,0,0,2,16,1,3,3,12,2,0,5,0,0,0,4,3,0,1,33,0,38,0,3,1,0,0,21,0,0,0,0,1,0,28,0,0,0,29,0,0,0,1,28,48,0,6,0,0,0,0,15,0,0,0,4,0,1297,8,1,0,180,0,71,8,6,1,0,0,0,0,12,0,0,0,0,0,8,0,0,8,284,1,165,3,15,0,0,4,0,10,8,1,0,0,29,0,0,4,0,0,27,44,35,0,3,0,21,0,5,0,0,0,5,5,0,36,0,3,4,0,0,236,1,0,0,1,0,6,0,0,1,0,66,7,27,15,0,5,2,4,1,2,4,1,0,0,6,0,0,2,0,0,7,7,0,3,0,21,17,4,0,1,0,0,0,0,0,6,3,0,10,4,0,0,0,0,0,1,0,0,0,0,1,0,0,10,0,0,4,19,0,3,23,0,1,0,0,0,2,0,0,0,0,0,0,1,0,68,6,0,0,53,0,0,0,0,0,2,1,26,0,0,0,0,0,0,0,0,3,0,0,8,74,0,1,10,0,0,0,0,0,0,0,1,215,4,3,0,0,0,8,0,15,1,130,0,0,3,0,0,0,0,0,0,5,0,0,0,50,3,0,0,0,0,2,0,0,4,0,11,0,0,4,4,1,0,0,0,0,0,9,0,0,3,0,0,0,160,0,0,43,1,0,13,1,3,0,0,0,2,15,0,2,38,0,0,2,0,0,0,0,7,0,2,0,1,0,0,0,0,0,1,0,21,861,5,0,37,32,8,8,0,95,5,0,0,2,0,0,0,6,0,1,0,0,0,1,0,0,0,63,1,0,0,2,0,0,0,1,0,1,0,0,190,0,0,0,4,0,9,0,1,0,9,163,55,3,2,1,25,5,1,7,1,3,3,0,6,38,1045,0,0,0,1,3,0,0,0,0,6,0,0,7,0,0,0,0,6,27,1,0,0,9,0,10,0,60,3,17,0,0,1,9,0,25,0,0,0,0,32,3,81,0,0,1,1,0,2,1,0,11,0,3,52,0,0,1,0,2,0,0,1,0,0,1,0,0,0,0,0,17,4,0,0,0,0,0,0,0,0,24,0,0,0,0,0,0,2,0,6,0,2,0,0,12,39,0,0,0,3,0,2,0,7,0,0,1,43,2,0,3,7,2,3,12,0,0,216,7,0,0,2,27,0,0,3,1,21,0,0,0,3,0,0,0,0,0,28,0,1,2,2,19,1,0,22,627,3,0,0,0,0,31,130,0,3,0,0,9,0,3,0,0,15,13,0,0,41,0,0,2,0,0,0,2,5,0,1,631,0,0,0,0,0,3,0,0,0,1,0,120,0,0,0,0,0,5,9,2,0,11,3,0,0,0,0,0,0,2,2,0,3,8,4,3,10,0,0,0,0,4,2,0,3,0,0,18,0,10,8,17,6,0,0,73,0,0,0,2,0,0,2,0,0,1,0,0,0,0,0,0,0,0,0,0,0,0,2,2,1,3,0,3,0,0,0,0,0,0,0,0,43,0,6,4,0,0,0,1,0,17,43,13,0,0,0,0,7,39,0,98,419,1,0,11,0,4,0,0,0,7,0,4,0,3,0,1,1,7,13,0,0,0,2,194,6,0,0,4,0,0,0,0,3,0,1,6,23,2,2,0,7,5,0,2,8,0,0,7,0,0,3,0,0,2,0,0,0,0,0,36,0,0,0,0,4,0,0,0,30,4,1,0,0,26,2,0,0,10,0,18,41,0,0,0,97,0,2,0,0,0,0,0,2,2,106,0,2,0,0,1,0,2,0,0,0,168,0,128,625,285,0,0,0,1,5,35,5,30,9,0,0,0,0,6,0,0,0,0,78,17,4,0,10,16,12,0,0,1,0,0,0,1,0,0,0,3,1,0,1,0,0,0,4,0,12,48,5,0,0,0,0,64,0,2,17,22,0
